Workbook

Sheet Data Flags Legend
A1: High internal standard recovery, corresponding analyte in sample. Reviewed and not disqualifying | B1: IS1 | C1: Internal standard recovery was above the method acceptance limits of 150%. Target analytes were detected in the sample. Impact on results is not expected based on analyst review. See comments. | D1: Analyst and validator concurrence required to release data. If this is not met, reanalysis and/or repreparation is required.
A2: High internal standard recovery, no analyte in sample | B2: IS2 | C2: Internal standard recovery was above the method acceptance limits. No target analytes were detected in the sample. | D2: Analyst and validator concurrence required to release data. If this is not met, reanalysis and/or repreparation is required.
A3: Low internal standard recovery, corresponding analyte in sample. Reviewed and not disqualifying | B3: IS3 | C3: Internal standard recovery was below the method acceptance limit of 50%. Target analytes were detected in the sample. Impact on results is not expected based on analyst review. See comments. | D3: Analyst and validator concurrence required to release data. If this is not met, reanalysis and/or repreparation is required.
A4: Low internal standard recovery, no analyte in sample. | B4: IS4 | C4: Internal standard recovery was below the method acceptance limits. No target analytes were detected in the sample. | D4: Analyst and validator concurrence required to release data. If this is not met, reanalysis and/or repreparation is required.
A5: Internal standards outside limit, disqualifying. | B5: IS5 | C5: Internal standard recovery was outside of method limits of 50-150%, and upon review is expected to impact data quality. Data not useable. [Margie would rather we said things like 'data biased low', but my impression is you prefer a go/no-go for data, right?] | D5: Sample re-analysis required; If failure persists, re-prepare sample and re-analyze.
A6: Laboratory duplicate precision failure | B6: D | C6: RPD/RSD for duplicate analysis exceeded method acceptance. | D6: Sample re-analysis required; If failure persists, further troubleshooting is required to improve precision and all samples analyzed since previous passing duplicate must be re-analyzed.
A7: Laboratory Reagent Blank (LRB) failure | B7: B | C7: Result is >50% of MRL. | D7: Flag LRB failure and sample results within 10-fold of the LRB concentration as biased high.
A9: Continuing Calibration Check (CCC) failure | B9: V1 | C9: Continuing calibration check (CCC) recovery was outside the method acceptance limits (70-130%). | D9: Samples analyzed since previous passing CCC must be re-analyzed. If failure persists, re-calibration is required. Upon recalibration, all other QC must be re-analyzed as well.
A10: Quality Control Sample (QCS) failure | B10: V2 | C10: Quality control sample (QCS) recovery was outside of the method acceptance limits (70-130%). | D10: Re-analysis of QCS required; if failure persists, re-preparation of QCS is required and re-calibration may be necessary. Upon recalibration, all other QC must be re-analyzed as well. No sample results may be reported if QCS failure occurs in batch.
A11: Inter-Batch Consistency check (IBC) failure | B11: V3 | C11: The inter-batch consistency check (IBC) sample was outside of acceptance criteria (80-120%). This suggests a systematic bias for the analytical batch relative to prior sample batches. | D11: Compare peak areas of calibration standards to those of previous batches to determine if source of failure is the calibration curve or the IBC itself. For IBC failure, re-preparation and/or re-analysis of IBC is required. For calibration curve failure, re-preparation and/or re-analysis of calibration curve is required. Upon recalibration, all other QC must be re-analyzed as well. No sample results may be reported if IBC failure occurs in batch.
A12: High Laboratory Fortified Blank (LFB) recovery | B12: L1 | C12: LFB results >150% for LFB-Low or >130% for LFB-High. Affected sample results biased high. | D12: Re-analysis of LFB required; If failure persists, re-prepare LFB and re-analyze. Re-preparation of spiking solution (PDS/SDS) may also be necessary. Affected samples, i.e. all samples analyzed since previous passing LFB, must be flagged.
A13: Low Laboratory Fortified Blank (LFB) recovery | B13: L2 | C13: LFB results <50% for LFB-Low or <70% for LFB-High. Affected sample results biased low. | D13: Re-analysis of LFB required; If failure persists, re-prepare LFB and re-analyze. Re-preparation of spiking solution (PDS/SDS) may also be necessary. Affected samples, i.e. all samples analyzed since previous passing LFB, must be flagged.
A14: Laboratory Fortified Sample Matrix (LFSM) failure | B14: M1 | C14: LFSM recovery outside | D14: Absent LFB issues:
C15: 70-130% for LFSM-High or | D15: Re-analysis of LFSM is required; Passing LFB confirms proper preparation and analysis so no further troubleshooting is necessary. If failure persists, samples analyzed since previous passing LFSM of same type (-Low/-High) must be flagged.
C16: 50-150% for LFSM-Low. Sample results may be biased proportionally due to matrix interferences.
D17: Coordinating LFSM/LFB failures:
C18: Note: Simultaneous failure of LFB and LFSM indicates systematic bias in the preparation or analysis processes. | D18: Re-preparation and re-analysis of LFB/LFSM required. Re-preparation of spiking solution (PDS/SDS) may also be necessary. If failure persists, samples analyzed since previous passing set of LFSM and LFB must be flagged.
A19: LFSM interference | B19: M2 | C19: Spike recovery unable to be calculated due to other factors, e.g. spiking concentration too low. | D19: Re-preparation and re-analysis of LFSM required. If failure persists, samples analyzed since previous passing LFSM of same type (-Low/-High) must be flagged. Analyst must describe in comments.
A20: Upper calibration limit exceeded | B20: UL | C20: Sample results are above the upper calibration limit. | D20: Sample must be re-analyzed at a higher dilution factor to obtain results within calibration range. Adjacent samples must be inspected for signs of carryover (see flag “C”).
A21: Lower calibration limit exceeded for diluted sample | B21: LL | C21: Sample dilution factor is greater than “2” but results are <MRL. Sample was therefore over-diluted. | D21: Sample must be re-analyzed at a lower dilution factor, undiluted if necessary, to obtain results within calibration range.
A22: Carryover/Contamination observed | B22: C | C22: Carryover and/or contamination observed in sample. Sample results are suspected to be biased high. | D22: Sample re-analysis is required.

Sheet Template
A1: Batch Name: | G1: SA: | H1: Area: | I1: SAH: | J1: AreaH: | K1: Last Acquisition Date: | N1: Sample Count: | P1: Analytes | Q1: PFBA | R1: L-PFBS | S1: HFPO-DA | T1: PFHxA | U1: L-PFHxS | V1: PFOA | W1: PFNA | X1: L-PFOS | Y1: PFDA | Z1: HCal Std | AB1: Sheet1_1 | AC1: =IFERROR(IF(COUNTIF($E$5:$E$999,"M")=0,"WARNING! NO CALIBRATION",IF(NOT(LARGE($A5:$A999,1)=VALUE($N$2)),"SAMPLE COUNT MISMATCH!",IF(NOT(LARGE($A5:$A999,1)=VALUE(VLOOKUP("Sample Count:",INDIRECT("'"&$AB$1&"'!"&"$A$1:$ZZ$999"),2,FALSE))),"SAMPLE COUNT MISMATCH!",IF(NOT(LARGE($A5:$A999,1)=VALUE(VLOOKUP("Sample Count:",INDIRECT("'"&$AB$2&"'!"&"$A$1:$ZZ$999"),2,FALSE))),"SAMPLE COUNT MISMATCH!",IF(NOT(LARGE($A5:$A999,1)=VALUE(VLOOKUP("Sample Count:",INDIRECT("'"&$AB$3&"'!"&"$A$1:$ZZ$999"),2,FALSE))),"SAMPLE COUNT MISMATCH!",""))))),"") | AT1: Verifier Count | AU1: Validator Count | AV1: MPFBA | AW1: M3PFBS | AX1: MPHFPO-DA | AY1: M5PFHxA | AZ1: M3PFHxS | BA1: M8PFOA | BB1: M9PFNA | BC1: M8PFOS | BD1: M6PFDA | BF1: Type | BO1: D (LD) | BP1: K (LRB) | BQ1: M (Cal) | BR1: CCC/QCS | BS1: S (LFSM) | BT1: Z (LFB) | BU1: IBC | BV1: <MRL | BW1: <MRL OVRD
A2: =IFERROR(VLOOKUP("Batch Name:",INDIRECT("'"&$G$2&"'!"&"$A$1:$ZZ$999"),2,FALSE),"") -> 44944 | G2: Sheet2 | H2: Sheet4 | I2: =IFERROR(MATCH("Data File",INDIRECT("'"&$G$2&"'!"&"$A$1:$A$999"),0),"") -> 8 | J2: =IFERROR(MATCH("Data File",INDIRECT("'"&$H$2&"'!"&"$A$1:$A$999"),0),"") -> 8 | K2: =IFERROR(VLOOKUP("Last Acquisition Date:",INDIRECT("'"&$G$2&"'!"&"$A$1:$ZZ$999"),2,FALSE),"") -> 44957.303 | N2: =IFERROR(VLOOKUP("Sample Count:",INDIRECT("'"&$G$2&"'!"&"$A$1:$ZZ$999"),2,FALSE),"") -> 365 | P2: MRL> | Q2: 5 | R2: 5 | S2: 5 | T2: 5 | U2: 5 | V2: 5 | W2: 5 | X2: 5 | Y2: 5 | Z2: {=MAX(IF($E$5:$E$999="M",$Z$5:$Z$999))} -> 0 | AB2: Sheet3 | AT2: =COUNTA($AT$5:$AT$1000) -> 0 | AU2: =COUNTA($AU$5:$AU$1000) -> 0 | AV2: {=IFERROR(MEDIAN(IF($E5:$E999="M",AV5:AV999)),"")} -> 365082.5 | AW2: {=IFERROR(MEDIAN(IF($E5:$E999="M",AW5:AW999)),"")} -> 740479.5 | AX2: {=IFERROR(MEDIAN(IF($E5:$E999="M",AX5:AX999)),"")} -> 1224004.5 | AY2: {=IFERROR(MEDIAN(IF($E5:$E999="M",AY5:AY999)),"")} -> 6800994.5 | AZ2: {=IFERROR(MEDIAN(IF($E5:$E999="M",AZ5:AZ999)),"")} -> 3376990.5 | BA2: {=IFERROR(MEDIAN(IF($E5:$E999="M",BA5:BA999)),"")} -> 27604846 | BB2: {=IFERROR(MEDIAN(IF($E5:$E999="M",BB5:BB999)),"")} -> 31889868 | BC2: {=IFERROR(MEDIAN(IF($E5:$E999="M",BC5:BC999)),"")} -> 3960175.5 | BD2: {=IFERROR(MEDIAN(IF($E5:$E999="M",BD5:BD999)),"")} -> 32794787 | BF2: U | BL2: Quality Control Maximum Recovery %: | BO2: 0.3 | BP2: 0.5 | BQ2: 0.3 | BR2: 0.3 | BS2: 0.3 | BT2: 0.3 | BU2: 0.2 | BV2: 0.5 | BW2: ON
G3: Measured Concentration, ng/L | Q3: Concentration, ng/L, Corrected for Sample Dilution | AB3: Sheet4 | AF3: Flags | AO3: Re-Analysis Flag | AS3: Verifier/Validator Initials | AV3: Area (Internal Standard) | BO3: Measured Concentration, ng/L | BY3: Quality Control Checks | CR3: These fields are editable with password: 'fixit'
A4: # | B4: Time Stamp: | C4: Sample ID: | D4: # | E4: Type | F4: QC? | G4: PFBA | H4: PFBS | I4: HFPO-DA | J4: PFHxA | K4: PFHxS | L4: PFOA | M4: PFNA | N4: PFOS | O4: PFDA | P4: Dilution Factor: | Q4: C-PFBA | R4: C-PFBS | S4: C-HFPO-DA | T4: C-PFHxA | U4: C-PFHxS | V4: C-PFOA | W4: C-PFNA | X4: C-PFOS | Y4: C-PFDA | Z4: True Value | AA4: True Value 2 | AB4: True Value 3 | AC4: Sample Type | AD4: ="Flags ("&COUNTIF(AD5:AD999,"Check!")+COUNTIF(AD5:AD999,"UL!")+COUNTIF(AD5:AD999,"No TrueV!")+COUNTIF(AD5:AD999,"No Match!")+COUNTIF(AD5:AD999,"Invalid Time!")&")" -> Flags (38) | AF4: F-PFBA | AG4: F-PFBS | AH4: F-HFPO-DA | AI4: F-PFHxA | AJ4: F-PFHxS | AK4: F-PFOA | AL4: F-PFNA | AM4: F-PFOS | AN4: F-PFDA | AP4: List for drop down flags | AQ4: Re-Analysis Flags | AS4: Sample Comments | AT4: Verifier Comments | AU4: Validator Comments | AV4: MPFBA | AW4: MPFBS | AX4: MPHFPO-DA | AY4: MPFHxA | AZ4: MPFHxS | BA4: MPFOA | BB4: MPFNA | BC4: MPFOS | BD4: MPFDA | BE4: IS Comments | BF4: M&Q | BG4: K&Z | BH4: D | BI4: S | BK4: # | BL4: QC Samples | BM4: Type | BN4: Dilution Factor: | BO4: PFBA | BP4: PFBS | BQ4: HFPO-DA | BR4: PFHxA | BS4: PFHxS | BT4: PFOA | BU4: PFNA | BV4: PFOS | BW4: PFDA | BX4: True Value | BY4: PFBA | BZ4: PFBS | CA4: HFPO-DA | CB4: PFHxA | CC4: PFHxS | CD4: PFOA | CE4: PFNA | CF4: PFOS | CG4: PFDA | CH4: PFBA | CI4: PFBS | CJ4: GenX | CK4: PFHxA | CL4: PFHxS | CM4: PFOA | CN4: PFNA | CO4: PFOS | CP4: PFDA | CQ4: Pairing
A5: =IF(LEN($C5)=0,"",1) -> 1 | B5: =IFERROR(IF(LEN(C5)=0,"",VLOOKUP($C5,INDIRECT("'"&$G$2&"'!"&"$A$1:$ZZ$999"),MATCH("Sample Acquisition Date",INDIRECT("'"&$G$2&"'!"&"A"&$I$2&":ZZ"&$I$2&""),0),FALSE)),"") -> 44944.439 | C5: =IFERROR(INDIRECT("'"&$G$2&"'!"&"A"&$I$2+MATCH(ROW($C5)-ROW($C$5),$D$5:$D$999,0)),"") -> AB-230117-02 Cal Blank 1 | D5: =IF(INDIRECT("'"&$G$2&"'!"&ADDRESS($I$2+ROW($C5)-ROW($C$4),MATCH("Sample Acquisition Date",INDIRECT("'"&$G$2&"'!"&"$A"&$I$2&":$ZZ"&$I$2),0),4))=0,"",COUNTIF(INDIRECT("'"&$G$2&"'!"&ADDRESS($I$2+1,MATCH("Sample Acquisition Date",INDIRECT("'"&$G$2&"'!"&"$A"&$I$2&":$ZZ"&$I$2),0),4)&":"&ADDRESS($I$2+$N$2,MATCH("Sample Acquisition Date",INDIRECT("'"&$G$2&"'!"&"$A"&$I$2&":$ZZ"&$I$2),0),4)),"<"&INDIRECT("'"&$G$2&"'!"&ADDRESS($I$2+ROW($C5)-ROW($C$4),MATCH("Sample Acquisition Date",INDIRECT("'"&$G$2&"'!"&"$A"&$I$2&":$ZZ"&$I$2),0),4)))) -> 0 | E5: =IF($F5="QC",IF(ISNUMBER(SEARCH("LRB",$C5)),"K",IF(ISNUMBER(SEARCH("LFB",$C5)),"Z",IF(ISNUMBER(SEARCH("LD",$C5)),"D",IF(ISNUMBER(SEARCH("CCC",$C5)),"Q",IF(ISNUMBER(SEARCH("QCS",$C5)),"Q",IF(ISNUMBER(SEARCH("IBC",$C5)),"Q",IF(ISNUMBER(SEARCH("LFSM",$C5)),IF(ISNUMBER(SEARCH("DI",$C5)),"Z","S"),"M"))))))),IF(LEN($C5)=0,"","U")) -> M | F5: =IF(AND(ISERR(SEARCH("LFSM",C5,1)),ISERR(SEARCH("Cal",C5,1)),ISERR(SEARCH("LFB",C5,1)),ISERR(SEARCH("LRB",C5,1)),ISERR(SEARCH("LD",C5,1)),ISERR(SEARCH("DI",C5,1)),ISERR(SEARCH("CCC",C5,1)),ISERR(SEARCH("QCS",C5,1)),ISERR(SEARCH("IBC",C5,1))),"","QC") -> QC | G5: =IF(LEN($C5)=0,"",IF(VLOOKUP($C5,INDIRECT("'"&$G$2&"'!"&"$A$1:$ZZ$999"),MATCH(Q$1,INDIRECT("'"&$G$2&"'!"&"A"&$I$2&":ZZ"&$I$2&""),0),FALSE)="N/F",0,VLOOKUP($C5,INDIRECT("'"&$G$2&"'!"&"$A$1:$ZZ$999"),MATCH(Q$1,INDIRECT("'"&$G$2&"'!"&"A"&$I$2&":ZZ"&$I$2&""),0),FALSE))) -> 0 | H5: =IF(LEN($C5)=0,"",IF(VLOOKUP($C5,INDIRECT("'"&$G$2&"'!"&"$A$1:$ZZ$999"),MATCH(R$1,INDIRECT("'"&$G$2&"'!"&"A"&$I$2&":ZZ"&$I$2&""),0),FALSE)="N/F",0,VLOOKUP($C5,INDIRECT("'"&$G$2&"'!"&"$A$1:$ZZ$999"),MATCH(R$1,INDIRECT("'"&$G$2&"'!"&"A"&$I$2&":ZZ"&$I$2&""),0),FALSE))) -> #N/A | I5: =IF(LEN($C5)=0,"",IF(VLOOKUP($C5,INDIRECT("'"&$G$2&"'!"&"$A$1:$ZZ$999"),MATCH(S$1,INDIRECT("'"&$G$2&"'!"&"A"&$I$2&":ZZ"&$I$2&""),0),FALSE)="N/F",0,VLOOKUP($C5,INDIRECT("'"&$G$2&"'!"&"$A$1:$ZZ$999"),MATCH(S$1,INDIRECT("'"&$G$2&"'!"&"A"&$I$2&":ZZ"&$I$2&""),0),FALSE))) -> 0 | J5: =IF(LEN($C5)=0,"",IF(VLOOKUP($C5,INDIRECT("'"&$G$2&"'!"&"$A$1:$ZZ$999"),MATCH(T$1,INDIRECT("'"&$G$2&"'!"&"A"&$I$2&":ZZ"&$I$2&""),0),FALSE)="N/F",0,VLOOKUP($C5,INDIRECT("'"&$G$2&"'!"&"$A$1:$ZZ$999"),MATCH(T$1,INDIRECT("'"&$G$2&"'!"&"A"&$I$2&":ZZ"&$I$2&""),0),FALSE))) -> 0.566 | K5: =IF(LEN($C5)=0,"",IF(VLOOKUP($C5,INDIRECT("'"&$G$2&"'!"&"$A$1:$ZZ$999"),MATCH(U$1,INDIRECT("'"&$G$2&"'!"&"A"&$I$2&":ZZ"&$I$2&""),0),FALSE)="N/F",0,VLOOKUP($C5,INDIRECT("'"&$G$2&"'!"&"$A$1:$ZZ$999"),MATCH(U$1,INDIRECT("'"&$G$2&"'!"&"A"&$I$2&":ZZ"&$I$2&""),0),FALSE))) -> #N/A | L5: =IF(LEN($C5)=0,"",IF(VLOOKUP($C5,INDIRECT("'"&$G$2&"'!"&"$A$1:$ZZ$999"),MATCH(V$1,INDIRECT("'"&$G$2&"'!"&"A"&$I$2&":ZZ"&$I$2&""),0),FALSE)="N/F",0,VLOOKUP($C5,INDIRECT("'"&$G$2&"'!"&"$A$1:$ZZ$999"),MATCH(V$1,INDIRECT("'"&$G$2&"'!"&"A"&$I$2&":ZZ"&$I$2&""),0),FALSE))) -> 2.166 | M5: =IF(LEN($C5)=0,"",IF(VLOOKUP($C5,INDIRECT("'"&$G$2&"'!"&"$A$1:$ZZ$999"),MATCH(W$1,INDIRECT("'"&$G$2&"'!"&"A"&$I$2&":ZZ"&$I$2&""),0),FALSE)="N/F",0,VLOOKUP($C5,INDIRECT("'"&$G$2&"'!"&"$A$1:$ZZ$999"),MATCH(W$1,INDIRECT("'"&$G$2&"'!"&"A"&$I$2&":ZZ"&$I$2&""),0),FALSE))) -> 2.445 | N5: =IF(LEN($C5)=0,"",IF(VLOOKUP($C5,INDIRECT("'"&$G$2&"'!"&"$A$1:$ZZ$999"),MATCH(X$1,INDIRECT("'"&$G$2&"'!"&"A"&$I$2&":ZZ"&$I$2&""),0),FALSE)="N/F",0,VLOOKUP($C5,INDIRECT("'"&$G$2&"'!"&"$A$1:$ZZ$999"),MATCH(X$1,INDIRECT("'"&$G$2&"'!"&"A"&$I$2&":ZZ"&$I$2&""),0),FALSE))) -> #N/A | O5: =IF(LEN($C5)=0,"",IF(VLOOKUP($C5,INDIRECT("'"&$G$2&"'!"&"$A$1:$ZZ$999"),MATCH(Y$1,INDIRECT("'"&$G$2&"'!"&"A"&$I$2&":ZZ"&$I$2&""),0),FALSE)="N/F",0,VLOOKUP($C5,INDIRECT("'"&$G$2&"'!"&"$A$1:$ZZ$999"),MATCH(Y$1,INDIRECT("'"&$G$2&"'!"&"A"&$I$2&":ZZ"&$I$2&""),0),FALSE))) -> 2.511 | P5: =IF(LEN(C5)=0,"",IFERROR(VALUE(IF(ISNUMBER(FIND("d",C5)),IF(ISNUMBER(VALUE(MID(C5,FIND("d",C5)+1,1))),IF(ISNUMBER(FIND("-",C5,FIND("d",C5)+1)),IF(ISNUMBER(FIND("_",C5,FIND("d",C5)+1)),IF(FIND("-",C5,FIND("d",C5)+1)<FIND("_",C5,FIND("d",C5)+1),MID(LEFT(C5,FIND("-",C5,FIND("d",C5)+1)-1),FIND("d",C5)+1,LEN(C5)),MID(LEFT(C5,FIND("_",C5,FIND("d",C5)+1)-1),FIND("d",C5)+1,LEN(C5))),MID(LEFT(C5,FIND("-",C5,FIND("d",C5)+1)-1),FIND("d",C5)+1,LEN(C5))),IF(ISNUMBER(FIND("_",C5,FIND("d",C5)+1)),MID(LEFT(C5,FIND("_",C5,FIND("d",C5)+1)-1),FIND("d",C5)+1,LEN(C5)),MID(C5,FIND("d",C5)+1,LEN(C5)))),IF(ISNUMBER(FIND("-",C5,FIND("d",C5)+2)),IF(ISNUMBER(FIND("_",C5,FIND("d",C5)+2)),IF(FIND("-",C5,FIND("d",C5)+2)<FIND("_",C5,FIND("d",C5)+2),MID(LEFT(C5,FIND("-",C5,FIND("d",C5)+2)-1),FIND("d",C5)+2,LEN(C5)),MID(LEFT(C5,FIND("_",C5,FIND("d",C5)+2)-1),FIND("d",C5)+2,LEN(C5))),MID(LEFT(C5,FIND("-",C5,FIND("d",C5)+2)-1),FIND("d",C5)+2,LEN(C5))),IF(ISNUMBER(FIND("_",C5,FIND("d",C5)+2)),MID(LEFT(C5,FIND("_",C5,FIND("d",C5)+2)-1),FIND("d",C5)+2,LEN(C5)),MID(C5,FIND("d",C5)+2,LEN(C5))))),1)),1)) -> 1 | Q5: =IF(LEN($C5)=0,"",IF($E5="M",INDEX(G$5:G$999,MATCH($C5,$C$5:$C$999,0))*$P5,IF(INDEX(G$5:G$999,MATCH($C5,$C$5:$C$999,0))>Q$2,INDEX(G$5:G$999,MATCH($C5,$C$5:$C$999,0))*$P5,"<MRL"))) -> 0 | R5: =IF(LEN($C5)=0,"",IF($E5="M",INDEX(H$5:H$999,MATCH($C5,$C$5:$C$999,0))*$P5,IF(INDEX(H$5:H$999,MATCH($C5,$C$5:$C$999,0))>R$2,INDEX(H$5:H$999,MATCH($C5,$C$5:$C$999,0))*$P5,"<MRL"))) -> #N/A | S5: =IF(LEN($C5)=0,"",IF($E5="M",INDEX(I$5:I$999,MATCH($C5,$C$5:$C$999,0))*$P5,IF(INDEX(I$5:I$999,MATCH($C5,$C$5:$C$999,0))>S$2,INDEX(I$5:I$999,MATCH($C5,$C$5:$C$999,0))*$P5,"<MRL"))) -> 0 | T5: =IF(LEN($C5)=0,"",IF($E5="M",INDEX(J$5:J$999,MATCH($C5,$C$5:$C$999,0))*$P5,IF(INDEX(J$5:J$999,MATCH($C5,$C$5:$C$999,0))>T$2,INDEX(J$5:J$999,MATCH($C5,$C$5:$C$999,0))*$P5,"<MRL"))) -> 0.566 | U5: =IF(LEN($C5)=0,"",IF($E5="M",INDEX(K$5:K$999,MATCH($C5,$C$5:$C$999,0))*$P5,IF(INDEX(K$5:K$999,MATCH($C5,$C$5:$C$999,0))>U$2,INDEX(K$5:K$999,MATCH($C5,$C$5:$C$999,0))*$P5,"<MRL"))) -> #N/A | V5: =IF(LEN($C5)=0,"",IF($E5="M",INDEX(L$5:L$999,MATCH($C5,$C$5:$C$999,0))*$P5,IF(INDEX(L$5:L$999,MATCH($C5,$C$5:$C$999,0))>V$2,INDEX(L$5:L$999,MATCH($C5,$C$5:$C$999,0))*$P5,"<MRL"))) -> 2.166 | W5: =IF(LEN($C5)=0,"",IF($E5="M",INDEX(M$5:M$999,MATCH($C5,$C$5:$C$999,0))*$P5,IF(INDEX(M$5:M$999,MATCH($C5,$C$5:$C$999,0))>W$2,INDEX(M$5:M$999,MATCH($C5,$C$5:$C$999,0))*$P5,"<MRL"))) -> 2.445 | X5: =IF(LEN($C5)=0,"",IF($E5="M",INDEX(N$5:N$999,MATCH($C5,$C$5:$C$999,0))*$P5,IF(INDEX(N$5:N$999,MATCH($C5,$C$5:$C$999,0))>X$2,INDEX(N$5:N$999,MATCH($C5,$C$5:$C$999,0))*$P5,"<MRL"))) -> #N/A | Y5: =IF(LEN($C5)=0,"",IF($E5="M",INDEX(O$5:O$999,MATCH($C5,$C$5:$C$999,0))*$P5,IF(INDEX(O$5:O$999,MATCH($C5,$C$5:$C$999,0))>Y$2,INDEX(O$5:O$999,MATCH($C5,$C$5:$C$999,0))*$P5,"<MRL"))) -> 2.511 | Z5: =IF(LEN($C5)=0,"",IF(LEN(AA5)=0,"NA",IF(LEN(AB5)=0,"NA",IF(AA5="NA",IF(ISNUMBER(VALUE(IF(ISNUMBER(SEARCH("_",AB5,1)),REPLACE(AB5,SEARCH("_",AB5),1,"."),AB5))),VALUE(IF(ISNUMBER(SEARCH("_",AB5,1)),REPLACE(AB5,SEARCH("_",AB5),1,"."),AB5)),IF(ISNUMBER(SEARCH("_",AB5,1)),REPLACE(AB5,SEARCH("_",AB5),1,"."),AB5)),IF(ISNUMBER(VALUE(IF(ISNUMBER(SEARCH("_",AA5,1)),REPLACE(AA5,SEARCH("_",AA5),1,"."),AA5))),VALUE(IF(ISNUMBER(SEARCH("_",AA5,1)),REPLACE(AA5,SEARCH("_",AA5),1,"."),AA5)),IF(ISNUMBER(SEARCH("_",AA5,1)),REPLACE(AA5,SEARCH("_",AA5),1,"."),AA5)))))) -> Blank 1 | AA5: =IF(ISNUMBER(SEARCH("Cal",C5)),IF(ISNUMBER(VALUE(MID(C5,SEARCH("Cal",C5)+3,1))),IF(ISNUMBER(FIND("-",C5,SEARCH("Cal",C5)+4)),IF(ISNUMBER(FIND("_",C5,SEARCH("Cal",C5)+4)),IF(FIND("-",C5,SEARCH("Cal",C5)+4)<FIND("_",C5,SEARCH("Cal",C5)+4),MID(LEFT(C5,FIND("-",C5,SEARCH("Cal",C5)+4)-1),SEARCH("Cal",C5)+3,8),IF(AND(MID(C5,SEARCH("Cal",C5)+3,1)="0",ISNUMBER(VALUE(MID(C5,SEARCH("Cal",C5)+5,1)))),IF(ISNUMBER(FIND("-",C5,SEARCH("Cal",C5)+5)),MID(LEFT(C5,FIND("-",C5,SEARCH("Cal",C5)+5)-1),SEARCH("Cal",C5)+3,8),MID(LEFT(C5,FIND("_",C5,SEARCH("Cal",C5)+5)-1),SEARCH("Cal",C5)+3,8)),MID(LEFT(C5,FIND("_",C5,SEARCH("Cal",C5)+4)-1),SEARCH("Cal",C5)+3,8))),MID(LEFT(C5,FIND("-",C5,SEARCH("Cal",C5)+4)-1),SEARCH("Cal",C5)+3,8)),IF(ISNUMBER(FIND("_",C5,SEARCH("Cal",C5)+4)),IF(AND(MID(C5,SEARCH("Cal",C5)+3,1)="0",ISNUMBER(VALUE(MID(C5,SEARCH("Cal",C5)+5,1)))),IF(ISNUMBER(FIND("_",C5,SEARCH("Cal",C5)+5)),MID(LEFT(C5,FIND("_",C5,SEARCH("Cal",C5)+5)-1),SEARCH("Cal",C5)+3,8),MID(C5,SEARCH("Cal",C5)+3,8)),MID(LEFT(C5,FIND("_",C5,SEARCH("Cal",C5)+4)-1),SEARCH("Cal",C5)+3,8)),MID(C5,SEARCH("Cal",C5)+3,8))),IF(ISNUMBER(FIND("-",C5,SEARCH("Cal",C5)+5)),IF(ISNUMBER(FIND("_",C5,SEARCH("Cal",C5)+5)),IF(FIND("-",C5,SEARCH("Cal",C5)+5)<FIND("_",C5,SEARCH("Cal",C5)+5),MID(LEFT(C5,FIND("-",C5,SEARCH("Cal",C5)+5)-1),SEARCH("Cal",C5)+4,8),IF(AND(MID(C5,SEARCH("Cal",C5)+4,1)="0",ISNUMBER(VALUE(MID(C5,SEARCH("Cal",C5)+6,1)))),IF(ISNUMBER(FIND("-",C5,SEARCH("Cal",C5)+6)),MID(LEFT(C5,FIND("-",C5,SEARCH("Cal",C5)+6)-1),SEARCH("Cal",C5)+4,8),MID(LEFT(C5,FIND("_",C5,SEARCH("Cal",C5)+6)-1),SEARCH("Cal",C5)+4,8)),MID(LEFT(C5,FIND("_",C5,SEARCH("Cal",C5)+5)-1),SEARCH("Cal",C5)+4,8))),MID(LEFT(C5,FIND("-",C5,SEARCH("Cal",C5)+5)-1),SEARCH("Cal",C5)+4,8)),IF(ISNUMBER(FIND("_",C5,SEARCH("Cal",C5)+5)),IF(AND(MID(C5,SEARCH("Cal",C5)+4,1)="0",ISNUMBER(VALUE(MID(C5,SEARCH("Cal",C5)+6,1)))),IF(ISNUMBER(FIND("_",C5,SEARCH("Cal",C5)+6)),MID(LEFT(C5,FIND("_",C5,SEARCH("Cal",C5)+6)-1),SEARCH("Cal",C5)+4,8),MID(C5,SEARCH("Cal",C5)+4,8)),MID(LEFT(C5,FIND("_",C5,SEARCH("Cal",C5)+5)-1),SEARCH("Cal",C5)+4,8)),MID(C5,SEARCH("Cal",C5)+4,8)))),IF(ISNUMBER(SEARCH("ppt",C5)),IF(ISNUMBER(VALUE(MID(C5,SEARCH("ppt",C5)-1,1))),IF(ISNUMBER(FIND("-",LEFT(C5,SEARCH("ppt",C5)-1),SEARCH("ppt",C5)-5)),IF(ISNUMBER(FIND("_",LEFT(C5,SEARCH("ppt",C5)-1),SEARCH("ppt",C5)-5)),IF(FIND("-",LEFT(C5,SEARCH("ppt",C5)-1),SEARCH("ppt",C5)-5)>FIND("_",LEFT(C5,SEARCH("ppt",C5)-1),SEARCH("ppt",C5)-5),MID(LEFT(C5,SEARCH("ppt",C5)-1),FIND("-",LEFT(C5,SEARCH("ppt",C5)-1),SEARCH("ppt",C5)-5)+1,8),MID(LEFT(C5,SEARCH("ppt",C5)-1),FIND("_",LEFT(C5,SEARCH("ppt",C5)-1),SEARCH("ppt",C5)-5)+1,8)),MID(LEFT(C5,SEARCH("ppt",C5)-1),FIND("-",LEFT(C5,SEARCH("ppt",C5)-1),SEARCH("ppt",C5)-5)+1,8)),IF(ISNUMBER(FIND("_",LEFT(C5,SEARCH("ppt",C5)-1),SEARCH("ppt",C5)-5)),MID(LEFT(C5,SEARCH("ppt",C5)-1),FIND("_",LEFT(C5,SEARCH("ppt",C5)-2),SEARCH("ppt",C5)-5)+1,8),MID(LEFT(C5,SEARCH("ppt",C5)-1),1,8))),IF(ISNUMBER(FIND("-",LEFT(C5,SEARCH("ppt",C5)-2),SEARCH("ppt",C5)-6)),IF(ISNUMBER(FIND("_",LEFT(C5,SEARCH("ppt",C5)-2),SEARCH("ppt",C5)-6)),IF(FIND("-",LEFT(C5,SEARCH("ppt",C5)-2),SEARCH("ppt",C5)-6)>FIND("_",LEFT(C5,SEARCH("ppt",C5)-2),SEARCH("ppt",C5)-6),MID(LEFT(C5,SEARCH("ppt",C5)-2),FIND("-",LEFT(C5,SEARCH("ppt",C5)-2),SEARCH("ppt",C5)-6)+1,8),MID(LEFT(C5,SEARCH("ppt",C5)-2),FIND("_",LEFT(C5,SEARCH("ppt",C5)-2),SEARCH("ppt",C5)-6)+1,8)),MID(LEFT(C5,SEARCH("ppt",C5)-2),FIND("-",LEFT(C5,SEARCH("ppt",C5)-2),SEARCH("ppt",C5)-6)+1,8)),IF(ISNUMBER(FIND("_",LEFT(C5,SEARCH("ppt",C5)-2),SEARCH("ppt",C5)-6)),MID(LEFT(C5,SEARCH("ppt",C5)-2),FIND("_",LEFT(C5,SEARCH("ppt",C5)-3),SEARCH("ppt",C5)-6)+1,8),MID(LEFT(C5,SEARCH("ppt",C5)-2),1,8)))),IF(ISNUMBER(SEARCH("LFB",C5)),IF(ISNUMBER(VALUE(MID(C5,SEARCH("LFB",C5)+3,1))),IF(ISNUMBER(FIND("-",C5,SEARCH("LFB",C5)+4)),IF(ISNUMBER(FIND("_",C5,SEARCH("LFB",C5)+4)),IF(FIND("-",C5,SEARCH("LFB",C5)+4)<FIND("_",C5,SEARCH("LFB",C5)+4),MID(LEFT(C5,FIND("-",C5,SEARCH("LFB",C5)+4)-1),SEARCH("LFB",C5)+3,8),IF(AND(MID(C5,SEARCH("LFB",C5)+3,1)="0",ISNUMBER(VALUE(MID(C5,SEARCH("LFB",C5)+5,1)))),IF(ISNUMBER(FIND("-",C5,SEARCH("LFB",C5)+5)),MID(LEFT(C5,FIND("-",C5,SEARCH("LFB",C5)+5)-1),SEARCH("LFB",C5)+3,8),MID(LEFT(C5,FIND("_",C5,SEARCH("LFB",C5)+5)-1),SEARCH("LFB",C5)+3,8)),MID(LEFT(C5,FIND("_",C5,SEARCH("LFB",C5)+4)-1),SEARCH("LFB",C5)+3,8))),MID(LEFT(C5,FIND("-",C5,SEARCH("LFB",C5)+4)-1),SEARCH("LFB",C5)+3,8)),IF(ISNUMBER(FIND("_",C5,SEARCH("LFB",C5)+4)),IF(AND(MID(C5,SEARCH("LFB",C5)+3,1)="0",ISNUMBER(VALUE(MID(C5,SEARCH("LFB",C5)+5,1)))),IF(ISNUMBER(FIND("_",C5,SEARCH("LFB",C5)+5)),MID(LEFT(C5,FIND("_",C5,SEARCH("LFB",C5)+5)-1),SEARCH("LFB",C5)+3,8),MID(C5,SEARCH("LFB",C5)+3,8)),MID(LEFT(C5,FIND("_",C5,SEARCH("LFB",C5)+4)-1),SEARCH("LFB",C5)+3,8)),MID(C5,SEARCH("LFB",C5)+3,8))),IF(ISNUMBER(FIND("-",C5,SEARCH("LFB",C5)+5)),IF(ISNUMBER(FIND("_",C5,SEARCH("LFB",C5)+5)),IF(FIND("-",C5,SEARCH("LFB",C5)+5)<FIND("_",C5,SEARCH("LFB",C5)+5),MID(LEFT(C5,FIND("-",C5,SEARCH("LFB",C5)+5)-1),SEARCH("LFB",C5)+4,8),IF(AND(MID(C5,SEARCH("LFB",C5)+4,1)="0",ISNUMBER(VALUE(MID(C5,SEARCH("LFB",C5)+6,1)))),IF(ISNUMBER(FIND("-",C5,SEARCH("LFB",C5)+6)),MID(LEFT(C5,FIND("-",C5,SEARCH("LFB",C5)+6)-1),SEARCH("LFB",C5)+4,8),MID(LEFT(C5,FIND("_",C5,SEARCH("LFB",C5)+6)-1),SEARCH("LFB",C5)+4,8)),MID(LEFT(C5,FIND("_",C5,SEARCH("LFB",C5)+5)-1),SEARCH("LFB",C5)+4,8))),MID(LEFT(C5,FIND("-",C5,SEARCH("LFB",C5)+5)-1),SEARCH("LFB",C5)+4,8)),IF(ISNUMBER(FIND("_",C5,SEARCH("LFB",C5)+5)),IF(AND(MID(C5,SEARCH("LFB",C5)+4,1)="0",ISNUMBER(VALUE(MID(C5,SEARCH("LFB",C5)+6,1)))),IF(ISNUMBER(FIND("_",C5,SEARCH("LFB",C5)+6)),MID(LEFT(C5,FIND("_",C5,SEARCH("LFB",C5)+6)-1),SEARCH("LFB",C5)+4,8),MID(C5,SEARCH("LFB",C5)+4,8)),MID(LEFT(C5,FIND("_",C5,SEARCH("LFB",C5)+5)-1),SEARCH("LFB",C5)+4,8)),MID(C5,SEARCH("LFB",C5)+4,8)))),IF(ISNUMBER(SEARCH("CCC",C5)),IF(ISNUMBER(VALUE(MID(C5,SEARCH("CCC",C5)-1,1))),IF(ISNUMBER(FIND("-",LEFT(C5,SEARCH("CCC",C5)-1),SEARCH("CCC",C5)-5)),IF(ISNUMBER(FIND("_",LEFT(C5,SEARCH("CCC",C5)-1),SEARCH("CCC",C5)-5)),IF(FIND("-",LEFT(C5,SEARCH("CCC",C5)-1),SEARCH("CCC",C5)-5)>FIND("_",LEFT(C5,SEARCH("CCC",C5)-1),SEARCH("CCC",C5)-5),MID(LEFT(C5,SEARCH("CCC",C5)-1),FIND("-",LEFT(C5,SEARCH("CCC",C5)-1),SEARCH("CCC",C5)-5)+1,8),MID(LEFT(C5,SEARCH("CCC",C5)-1),FIND("_",LEFT(C5,SEARCH("CCC",C5)-1),SEARCH("CCC",C5)-5)+1,8)),MID(LEFT(C5,SEARCH("CCC",C5)-1),FIND("-",LEFT(C5,SEARCH("CCC",C5)-1),SEARCH("CCC",C5)-5)+1,8)),IF(ISNUMBER(FIND("_",LEFT(C5,SEARCH("CCC",C5)-1),SEARCH("CCC",C5)-5)),MID(LEFT(C5,SEARCH("CCC",C5)-1),FIND("_",LEFT(C5,SEARCH("CCC",C5)-1),SEARCH("CCC",C5)-5)+1,8),MID(LEFT(C5,SEARCH("CCC",C5)-1),1,8))),IF(ISNUMBER(FIND("-",LEFT(C5,SEARCH("CCC",C5)-2),SEARCH("CCC",C5)-6)),IF(ISNUMBER(FIND("_",LEFT(C5,SEARCH("CCC",C5)-2),SEARCH("CCC",C5)-6)),IF(FIND("-",LEFT(C5,SEARCH("CCC",C5)-2),SEARCH("CCC",C5)-6)>FIND("_",LEFT(C5,SEARCH("CCC",C5)-2),SEARCH("CCC",C5)-6),MID(LEFT(C5,SEARCH("CCC",C5)-2),FIND("-",LEFT(C5,SEARCH("CCC",C5)-2),SEARCH("CCC",C5)-6)+1,8),MID(LEFT(C5,SEARCH("CCC",C5)-2),FIND("_",LEFT(C5,SEARCH("CCC",C5)-2),SEARCH("CCC",C5)-6)+1,8)),MID(LEFT(C5,SEARCH("CCC",C5)-2),FIND("-",LEFT(C5,SEARCH("CCC",C5)-2),SEARCH("CCC",C5)-6)+1,8)),IF(ISNUMBER(FIND("_",LEFT(C5,SEARCH("CCC",C5)-2),SEARCH("CCC",C5)-6)),MID(LEFT(C5,SEARCH("CCC",C5)-2),FIND("_",LEFT(C5,SEARCH("CCC",C5)-2),SEARCH("CCC",C5)-6)+1,8),MID(LEFT(C5,SEARCH("CCC",C5)-2),1,8)))),"NA")))) -> Blank 1 | AB5: =IF(ISNUMBER(SEARCH("LFSM",C5)),IF(ISNUMBER(VALUE(MID(C5,SEARCH("LFSM",C5)+4,1))),IF(ISNUMBER(FIND("-",C5,SEARCH("LFSM",C5)+5)),IF(ISNUMBER(FIND("_",C5,SEARCH("LFSM",C5)+5)),IF(FIND("-",C5,SEARCH("LFSM",C5)+5)<FIND("_",C5,SEARCH("LFSM",C5)+5),MID(LEFT(C5,FIND("-",C5,SEARCH("LFSM",C5)+5)-1),SEARCH("LFSM",C5)+4,8),IF(AND(MID(C5,SEARCH("LFSM",C5)+4,1)="0",ISNUMBER(VALUE(MID(C5,SEARCH("LFSM",C5)+6,1)))),IF(ISNUMBER(FIND("-",C5,SEARCH("LFSM",C5)+6)),MID(LEFT(C5,FIND("-",C5,SEARCH("LFSM",C5)+6)-1),SEARCH("LFSM",C5)+4,8),MID(LEFT(C5,FIND("_",C5,SEARCH("LFSM",C5)+6)-1),SEARCH("LFSM",C5)+4,8)),MID(LEFT(C5,FIND("_",C5,SEARCH("LFSM",C5)+5)-1),SEARCH("LFSM",C5)+4,8))),MID(LEFT(C5,FIND("-",C5,SEARCH("LFSM",C5)+5)-1),SEARCH("LFSM",C5)+4,8)),IF(ISNUMBER(FIND("_",C5,SEARCH("LFSM",C5)+5)),IF(AND(MID(C5,SEARCH("LFSM",C5)+4,1)="0",ISNUMBER(VALUE(MID(C5,SEARCH("LFSM",C5)+6,1)))),IF(ISNUMBER(FIND("_",C5,SEARCH("LFSM",C5)+6)),MID(LEFT(C5,FIND("_",C5,SEARCH("LFSM",C5)+6)-1),SEARCH("LFSM",C5)+4,8),MID(C5,SEARCH("LFSM",C5)+4,8)),MID(LEFT(C5,FIND("_",C5,SEARCH("LFSM",C5)+5)-1),SEARCH("LFSM",C5)+4,8)),MID(C5,SEARCH("LFSM",C5)+4,8))),IF(ISNUMBER(FIND("-",C5,SEARCH("LFSM",C5)+6)),IF(ISNUMBER(FIND("_",C5,SEARCH("LFSM",C5)+6)),IF(FIND("-",C5,SEARCH("LFSM",C5)+6)<FIND("_",C5,SEARCH("LFSM",C5)+6),MID(LEFT(C5,FIND("-",C5,SEARCH("LFSM",C5)+6)-1),SEARCH("LFSM",C5)+5,8),IF(AND(MID(C5,SEARCH("LFSM",C5)+5,1)="0",ISNUMBER(VALUE(MID(C5,SEARCH("LFSM",C5)+7,1)))),IF(ISNUMBER(FIND("-",C5,SEARCH("LFSM",C5)+7)),MID(LEFT(C5,FIND("-",C5,SEARCH("LFSM",C5)+7)-1),SEARCH("LFSM",C5)+5,8),MID(LEFT(C5,FIND("_",C5,SEARCH("LFSM",C5)+7)-1),SEARCH("LFSM",C5)+5,8)),MID(LEFT(C5,FIND("_",C5,SEARCH("LFSM",C5)+6)-1),SEARCH("LFSM",C5)+5,8))),MID(LEFT(C5,FIND("-",C5,SEARCH("LFSM",C5)+6)-1),SEARCH("LFSM",C5)+5,8)),IF(ISNUMBER(FIND("_",C5,SEARCH("LFSM",C5)+6)),IF(AND(MID(C5,SEARCH("LFSM",C5)+5,1)="0",ISNUMBER(VALUE(MID(C5,SEARCH("LFSM",C5)+7,1)))),IF(ISNUMBER(FIND("_",C5,SEARCH("LFSM",C5)+7)),MID(LEFT(C5,FIND("_",C5,SEARCH("LFSM",C5)+7)-1),SEARCH("LFSM",C5)+5,8),MID(C5,SEARCH("LFSM",C5)+5,8)),MID(LEFT(C5,FIND("_",C5,SEARCH("LFSM",C5)+6)-1),SEARCH("LFSM",C5)+5,8)),MID(C5,SEARCH("LFSM",C5)+5,8)))),IF(AND(ISNUMBER(SEARCH("QCS",C5)),NOT(ISNUMBER(SEARCH("ppt",C5)))),IF(ISNUMBER(VALUE(MID(C5,SEARCH("QCS",C5)+3,1))),IF(ISNUMBER(FIND("-",C5,SEARCH("QCS",C5)+4)),IF(ISNUMBER(FIND("_",C5,SEARCH("QCS",C5)+4)),IF(FIND("-",C5,SEARCH("QCS",C5)+4)<FIND("_",C5,SEARCH("QCS",C5)+4),MID(LEFT(C5,FIND("-",C5,SEARCH("QCS",C5)+4)-1),SEARCH("QCS",C5)+3,8),IF(AND(MID(C5,SEARCH("QCS",C5)+3,1)="0",ISNUMBER(VALUE(MID(C5,SEARCH("QCS",C5)+5,1)))),IF(ISNUMBER(FIND("-",C5,SEARCH("QCS",C5)+5)),MID(LEFT(C5,FIND("-",C5,SEARCH("QCS",C5)+5)-1),SEARCH("QCS",C5)+3,8),MID(LEFT(C5,FIND("_",C5,SEARCH("QCS",C5)+5)-1),SEARCH("QCS",C5)+3,8)),MID(LEFT(C5,FIND("_",C5,SEARCH("QCS",C5)+4)-1),SEARCH("QCS",C5)+3,8))),MID(LEFT(C5,FIND("-",C5,SEARCH("QCS",C5)+4)-1),SEARCH("QCS",C5)+3,8)),IF(ISNUMBER(FIND("_",C5,SEARCH("QCS",C5)+4)),IF(AND(MID(C5,SEARCH("QCS",C5)+3,1)="0",ISNUMBER(VALUE(MID(C5,SEARCH("QCS",C5)+5,1)))),IF(ISNUMBER(FIND("_",C5,SEARCH("QCS",C5)+5)),MID(LEFT(C5,FIND("_",C5,SEARCH("QCS",C5)+5)-1),SEARCH("QCS",C5)+3,8),MID(C5,SEARCH("QCS",C5)+3,8)),MID(LEFT(C5,FIND("_",C5,SEARCH("QCS",C5)+4)-1),SEARCH("QCS",C5)+3,8)),MID(C5,SEARCH("QCS",C5)+3,8))),IF(ISNUMBER(FIND("-",C5,SEARCH("QCS",C5)+5)),IF(ISNUMBER(FIND("_",C5,SEARCH("QCS",C5)+5)),IF(FIND("-",C5,SEARCH("QCS",C5)+5)<FIND("_",C5,SEARCH("QCS",C5)+5),MID(LEFT(C5,FIND("-",C5,SEARCH("QCS",C5)+5)-1),SEARCH("QCS",C5)+4,8),IF(AND(MID(C5,SEARCH("QCS",C5)+4,1)="0",ISNUMBER(VALUE(MID(C5,SEARCH("QCS",C5)+6,1)))),IF(ISNUMBER(FIND("-",C5,SEARCH("QCS",C5)+6)),MID(LEFT(C5,FIND("-",C5,SEARCH("QCS",C5)+6)-1),SEARCH("QCS",C5)+4,8),MID(LEFT(C5,FIND("_",C5,SEARCH("QCS",C5)+6)-1),SEARCH("QCS",C5)+4,8)),MID(LEFT(C5,FIND("_",C5,SEARCH("QCS",C5)+5)-1),SEARCH("QCS",C5)+4,8))),MID(LEFT(C5,FIND("-",C5,SEARCH("QCS",C5)+5)-1),SEARCH("QCS",C5)+4,8)),IF(ISNUMBER(FIND("_",C5,SEARCH("QCS",C5)+5)),IF(AND(MID(C5,SEARCH("QCS",C5)+4,1)="0",ISNUMBER(VALUE(MID(C5,SEARCH("QCS",C5)+6,1)))),IF(ISNUMBER(FIND("_",C5,SEARCH("QCS",C5)+6)),MID(LEFT(C5,FIND("_",C5,SEARCH("QCS",C5)+6)-1),SEARCH("QCS",C5)+4,8),MID(C5,SEARCH("QCS",C5)+4,8)),MID(LEFT(C5,FIND("_",C5,SEARCH("QCS",C5)+5)-1),SEARCH("QCS",C5)+4,8)),MID(C5,SEARCH("QCS",C5)+4,8)))),IF(AND(ISNUMBER(SEARCH("IBC",C5)),NOT(ISNUMBER(SEARCH("ppt",C5)))),IF(ISNUMBER(VALUE(MID(C5,SEARCH("IBC",C5)+3,1))),IF(ISNUMBER(FIND("-",C5,SEARCH("IBC",C5)+4)),IF(ISNUMBER(FIND("_",C5,SEARCH("IBC",C5)+4)),IF(FIND("-",C5,SEARCH("IBC",C5)+4)<FIND("_",C5,SEARCH("IBC",C5)+4),MID(LEFT(C5,FIND("-",C5,SEARCH("IBC",C5)+4)-1),SEARCH("IBC",C5)+3,8),IF(AND(MID(C5,SEARCH("IBC",C5)+3,1)="0",ISNUMBER(VALUE(MID(C5,SEARCH("IBC",C5)+5,1)))),IF(ISNUMBER(FIND("-",C5,SEARCH("IBC",C5)+5)),MID(LEFT(C5,FIND("-",C5,SEARCH("IBC",C5)+5)-1),SEARCH("IBC",C5)+3,8),MID(LEFT(C5,FIND("_",C5,SEARCH("IBC",C5)+5)-1),SEARCH("IBC",C5)+3,8)),MID(LEFT(C5,FIND("_",C5,SEARCH("IBC",C5)+4)-1),SEARCH("IBC",C5)+3,8))),MID(LEFT(C5,FIND("-",C5,SEARCH("IBC",C5)+4)-1),SEARCH("IBC",C5)+3,8)),IF(ISNUMBER(FIND("_",C5,SEARCH("IBC",C5)+4)),IF(AND(MID(C5,SEARCH("IBC",C5)+3,1)="0",ISNUMBER(VALUE(MID(C5,SEARCH("IBC",C5)+5,1)))),IF(ISNUMBER(FIND("_",C5,SEARCH("IBC",C5)+5)),MID(LEFT(C5,FIND("_",C5,SEARCH("IBC",C5)+5)-1),SEARCH("IBC",C5)+3,8),MID(C5,SEARCH("IBC",C5)+3,8)),MID(LEFT(C5,FIND("_",C5,SEARCH("IBC",C5)+4)-1),SEARCH("IBC",C5)+3,8)),MID(C5,SEARCH("IBC",C5)+3,8))),IF(ISNUMBER(FIND("-",C5,SEARCH("IBC",C5)+5)),IF(ISNUMBER(FIND("_",C5,SEARCH("IBC",C5)+5)),IF(FIND("-",C5,SEARCH("IBC",C5)+5)<FIND("_",C5,SEARCH("IBC",C5)+5),MID(LEFT(C5,FIND("-",C5,SEARCH("IBC",C5)+5)-1),SEARCH("IBC",C5)+4,8),IF(AND(MID(C5,SEARCH("IBC",C5)+4,1)="0",ISNUMBER(VALUE(MID(C5,SEARCH("IBC",C5)+6,1)))),IF(ISNUMBER(FIND("-",C5,SEARCH("IBC",C5)+6)),MID(LEFT(C5,FIND("-",C5,SEARCH("IBC",C5)+6)-1),SEARCH("IBC",C5)+4,8),MID(LEFT(C5,FIND("_",C5,SEARCH("IBC",C5)+6)-1),SEARCH("IBC",C5)+4,8)),MID(LEFT(C5,FIND("_",C5,SEARCH("IBC",C5)+5)-1),SEARCH("IBC",C5)+4,8))),MID(LEFT(C5,FIND("-",C5,SEARCH("IBC",C5)+5)-1),SEARCH("IBC",C5)+4,8)),IF(ISNUMBER(FIND("_",C5,SEARCH("IBC",C5)+5)),IF(AND(MID(C5,SEARCH("IBC",C5)+4,1)="0",ISNUMBER(VALUE(MID(C5,SEARCH("IBC",C5)+6,1)))),IF(ISNUMBER(FIND("_",C5,SEARCH("IBC",C5)+6)),MID(LEFT(C5,FIND("_",C5,SEARCH("IBC",C5)+6)-1),SEARCH("IBC",C5)+4,8),MID(C5,SEARCH("IBC",C5)+4,8)),MID(LEFT(C5,FIND("_",C5,SEARCH("IBC",C5)+5)-1),SEARCH("IBC",C5)+4,8)),MID(C5,SEARCH("IBC",C5)+4,8)))),"NA"))) -> NA | AC5: =IF(LEN(E5)=0,"",IF(E5="M","Calib Std",IF(E5="K","Blank",IF(E5="D","Duplicate",IF(E5="Z","Blank Spike",IF(E5="S","Sample Spike",IF(E5="Q",IF(ISNUMBER(SEARCH("IBC",$C5)),"IBC",IF(ISNUMBER(SEARCH("QCS",$C5)),"QCS",IF(ISNUMBER(SEARCH("CCC",$C5)),"CCC"))),IF(E5="U","Unknown")))))))) -> Calib Std | AD5: =IFERROR(IF(AND(OR($E5="M",$E5="Q",$E5="S",$E5="Z"),NOT(ISNUMBER($Z5))),"No TrueV!",IF(AND(MAX($G5:$O5)>$Z$2,NOT($E5="M")),"UL!",IF($F5="QC",IF(OR(INDEX($CH$5:$CH$999,MATCH($C5,$BL$5:$BL$999,0))="FAIL",INDEX($CI$5:$CI$999,MATCH($C5,$BL$5:$BL$999,0))="FAIL",INDEX($CJ$5:$CJ$999,MATCH($C5,$BL$5:$BL$999,0))="FAIL",INDEX($CK$5:$CK$999,MATCH($C5,$BL$5:$BL$999,0))="FAIL",INDEX($CL$5:$CL$999,MATCH($C5,$BL$5:$BL$999,0))="FAIL",INDEX($CM$5:$CM$999,MATCH($C5,$BL$5:$BL$999,0))="FAIL",INDEX($CN$5:$CN$999,MATCH($C5,$BL$5:$BL$999,0))="FAIL",INDEX($CO$5:$CO$999,MATCH($C5,$BL$5:$BL$999,0))="FAIL",INDEX($CP$5:$CP$999,MATCH($C5,$BL$5:$BL$999,0))="FAIL"),"Check!",IF(INDEX($CQ$5:$CQ$999,MATCH($C5,$BL$5:$BL$999,0))="FAIL","No Match!",IF(ABS(VALUE($B5)-VALUE($K$2))>60,"Invalid Time!",""))),IF(ABS(VALUE($B5)-VALUE($K$2))>60,"Invalid Time!","")))),"") -> No TrueV! | AF5: IS1 | AP5: IS1 | AQ5: R1 | AV5: =IFERROR(IF(LEN($C5)=0,"",IF(VLOOKUP($C5,INDIRECT("'"&$H$2&"'!"&"$A$1:$ZZ$999"),MATCH(AV$1,INDIRECT("'"&$H$2&"'!"&"A"&$J$2&":ZZ"&$J$2&""),0),FALSE)="N/F",0,VLOOKUP($C5,INDIRECT("'"&$H$2&"'!"&"$A$1:$ZZ$999"),MATCH(AV$1,INDIRECT("'"&$H$2&"'!"&"A"&$J$2&":ZZ"&$J$2&""),0),FALSE))),"") -> 632991 | AW5: =IFERROR(IF(LEN($C5)=0,"",IF(VLOOKUP($C5,INDIRECT("'"&$H$2&"'!"&"$A$1:$ZZ$999"),MATCH(AW$1,INDIRECT("'"&$H$2&"'!"&"A"&$J$2&":ZZ"&$J$2&""),0),FALSE)="N/F",0,VLOOKUP($C5,INDIRECT("'"&$H$2&"'!"&"$A$1:$ZZ$999"),MATCH(AW$1,INDIRECT("'"&$H$2&"'!"&"A"&$J$2&":ZZ"&$J$2&""),0),FALSE))),"") -> 791404 | AX5: =IFERROR(IF(LEN($C5)=0,"",IF(VLOOKUP($C5,INDIRECT("'"&$H$2&"'!"&"$A$1:$ZZ$999"),MATCH(AX$1,INDIRECT("'"&$H$2&"'!"&"A"&$J$2&":ZZ"&$J$2&""),0),FALSE)="N/F",0,VLOOKUP($C5,INDIRECT("'"&$H$2&"'!"&"$A$1:$ZZ$999"),MATCH(AX$1,INDIRECT("'"&$H$2&"'!"&"A"&$J$2&":ZZ"&$J$2&""),0),FALSE))),"") -> 999100 | AY5: =IFERROR(IF(LEN($C5)=0,"",IF(VLOOKUP($C5,INDIRECT("'"&$H$2&"'!"&"$A$1:$ZZ$999"),MATCH(AY$1,INDIRECT("'"&$H$2&"'!"&"A"&$J$2&":ZZ"&$J$2&""),0),FALSE)="N/F",0,VLOOKUP($C5,INDIRECT("'"&$H$2&"'!"&"$A$1:$ZZ$999"),MATCH(AY$1,INDIRECT("'"&$H$2&"'!"&"A"&$J$2&":ZZ"&$J$2&""),0),FALSE))),"") -> 6168538 | AZ5: =IFERROR(IF(LEN($C5)=0,"",IF(VLOOKUP($C5,INDIRECT("'"&$H$2&"'!"&"$A$1:$ZZ$999"),MATCH(AZ$1,INDIRECT("'"&$H$2&"'!"&"A"&$J$2&":ZZ"&$J$2&""),0),FALSE)="N/F",0,VLOOKUP($C5,INDIRECT("'"&$H$2&"'!"&"$A$1:$ZZ$999"),MATCH(AZ$1,INDIRECT("'"&$H$2&"'!"&"A"&$J$2&":ZZ"&$J$2&""),0),FALSE))),"") -> 3461600 | BA5: =IFERROR(IF(LEN($C5)=0,"",IF(VLOOKUP($C5,INDIRECT("'"&$H$2&"'!"&"$A$1:$ZZ$999"),MATCH(BA$1,INDIRECT("'"&$H$2&"'!"&"A"&$J$2&":ZZ"&$J$2&""),0),FALSE)="N/F",0,VLOOKUP($C5,INDIRECT("'"&$H$2&"'!"&"$A$1:$ZZ$999"),MATCH(BA$1,INDIRECT("'"&$H$2&"'!"&"A"&$J$2&":ZZ"&$J$2&""),0),FALSE))),"") -> 27779178 | BB5: =IFERROR(IF(LEN($C5)=0,"",IF(VLOOKUP($C5,INDIRECT("'"&$H$2&"'!"&"$A$1:$ZZ$999"),MATCH(BB$1,INDIRECT("'"&$H$2&"'!"&"A"&$J$2&":ZZ"&$J$2&""),0),FALSE)="N/F",0,VLOOKUP($C5,INDIRECT("'"&$H$2&"'!"&"$A$1:$ZZ$999"),MATCH(BB$1,INDIRECT("'"&$H$2&"'!"&"A"&$J$2&":ZZ"&$J$2&""),0),FALSE))),"") -> 30410864 | BC5: =IFERROR(IF(LEN($C5)=0,"",IF(VLOOKUP($C5,INDIRECT("'"&$H$2&"'!"&"$A$1:$ZZ$999"),MATCH(BC$1,INDIRECT("'"&$H$2&"'!"&"A"&$J$2&":ZZ"&$J$2&""),0),FALSE)="N/F",0,VLOOKUP($C5,INDIRECT("'"&$H$2&"'!"&"$A$1:$ZZ$999"),MATCH(BC$1,INDIRECT("'"&$H$2&"'!"&"A"&$J$2&":ZZ"&$J$2&""),0),FALSE))),"") -> 4273192 | BD5: =IFERROR(IF(LEN($C5)=0,"",IF(VLOOKUP($C5,INDIRECT("'"&$H$2&"'!"&"$A$1:$ZZ$999"),MATCH(BD$1,INDIRECT("'"&$H$2&"'!"&"A"&$J$2&":ZZ"&$J$2&""),0),FALSE)="N/F",0,VLOOKUP($C5,INDIRECT("'"&$H$2&"'!"&"$A$1:$ZZ$999"),MATCH(BD$1,INDIRECT("'"&$H$2&"'!"&"A"&$J$2&":ZZ"&$J$2&""),0),FALSE))),"") -> 30301110 | BF5: =IF(OR($E5="M",$E5="Q"),COUNTIF($B$5:$B$999,"<="&$B5),"") -> 1 | BG5: =IF(OR($E5="K",$E5="Z"),COUNTIF($B$5:$B$999,"<="&$B5),"") | BH5: =IF($E5="D",COUNTIF($B$5:$B$999,"<="&$B5),"") | BI5: =IF($E5="S",COUNTIF($B$5:$B$999,"<="&$B5),"") | BK5: =IF(LEN($BL5)=0,"",INDEX($A$5:$A$999,MATCH($BL5,$C$5:$C$999,0))) -> 1 | BL5: =IFERROR(INDEX($C$5:$C$999,MATCH(SMALL($BF$5:$BF$999,ROWS($BL$5:$BL5)),$BF$5:$BF$999,0)),"") -> AB-230117-02 Cal Blank 1 | BM5: =IF(LEN($BL5)=0,"",INDEX($E$5:$E$999,MATCH($BL5,$C$5:$C$999,0))) -> M | BN5: =IF(LEN($BL5)=0,"",INDEX(P$5:P$999,MATCH($BL5,$C$5:$C$999,0))) -> 1 | BO5: =IF(LEN($BL5)=0,"",INDEX(G$5:G$999,MATCH($BL5,$C$5:$C$999,0))) -> 0 | BP5: =IF(LEN($BL5)=0,"",INDEX(H$5:H$999,MATCH($BL5,$C$5:$C$999,0))) -> #N/A | BQ5: =IF(LEN($BL5)=0,"",INDEX(I$5:I$999,MATCH($BL5,$C$5:$C$999,0))) -> 0 | BR5: =IF(LEN($BL5)=0,"",INDEX(J$5:J$999,MATCH($BL5,$C$5:$C$999,0))) -> 0.566 | BS5: =IF(LEN($BL5)=0,"",INDEX(K$5:K$999,MATCH($BL5,$C$5:$C$999,0))) -> #N/A | BT5: =IF(LEN($BL5)=0,"",INDEX(L$5:L$999,MATCH($BL5,$C$5:$C$999,0))) -> 2.166 | BU5: =IF(LEN($BL5)=0,"",INDEX(M$5:M$999,MATCH($BL5,$C$5:$C$999,0))) -> 2.445 | BV5: =IF(LEN($BL5)=0,"",INDEX(N$5:N$999,MATCH($BL5,$C$5:$C$999,0))) -> #N/A | BW5: =IF(LEN($BL5)=0,"",INDEX(O$5:O$999,MATCH($BL5,$C$5:$C$999,0))) -> 2.511 | BX5: =IF(LEN($BL5)=0,"",INDEX($Z$5:$Z$999,MATCH($BL5,$C$5:$C$999,0))) -> Blank 1 | BY5: =IFERROR(IF($BM5="D",IF(ISNUMBER(VALUE(MID(LEFT($BL5,FIND("-LD",$BL5)-1),1,LEN($BL5)))),IF(AND($BW$2="ON",BO5<Q$2,INDEX(G$5:G$999,MATCH(VALUE(MID(LEFT($BL5,FIND("-LD",$BL5)-1),1,LEN($BL5))),$C$5:$C$999,0))<Q$2),"<MRL",ABS((BO5-INDEX(G$5:G$999,MATCH(VALUE(MID(LEFT($BL5,FIND("-LD",$BL5)-1),1,LEN($BL5))),$C$5:$C$999,0)))/(AVERAGE(BO5,INDEX(G$5:G$999,MATCH(VALUE(MID(LEFT($BL5,FIND("-LD",$BL5)-1),1,LEN($BL5))),$C$5:$C$999,0)))))),IF(AND($BW$2="ON",BO5<Q$2,INDEX(G$5:G$999,MATCH(MID(LEFT($BL5,FIND("-LD",$BL5)-1),1,LEN($BL5)),$C$5:$C$999,0))<Q$2),"<MRL",ABS((BO5-INDEX(G$5:G$999,MATCH(MID(LEFT($BL5,FIND("-LD",$BL5)-1),1,LEN($BL5)),$C$5:$C$999,0)))/(AVERAGE(BO5,INDEX(G$5:G$999,MATCH(MID(LEFT($BL5,FIND("-LD",$BL5)-1),1,LEN($BL5)),$C$5:$C$999,0))))))),IF($BM5="K","",IF($BM5="M",IF(AND($BW$2="ON",BO5<Q$2,$BX5<Q$2),"<MRL",BO5/IF($BX5=0,1,$BX5)),IF($BM5="Q",BO5/$BX5,IF($BM5="S",IF(ISNUMBER(VALUE(MID(LEFT($BL5,FIND("-LFSM",$BL5)-1),1,LEN($BL5)))),(BO5-(INDEX(G$5:G$999,MATCH(VALUE(MID(LEFT($BL5,FIND("-LFSM",$BL5)-1),1,LEN($BL5))),$C$5:$C$999,0))))/$BX5,(BO5-(INDEX(G$5:G$999,MATCH(MID(LEFT($BL5,FIND("-LFSM",$BL5)-1),1,LEN($BL5)),$C$5:$C$999,0))))/$BX5),IF($BM5="Z",IF($BM4="K",ABS(BO5-BO4)/$BX5,IF($BM3="K",ABS(BO5-BO3)/$BX5,IF($BM2="K",ABS(BO5-BO2)/$BX5,IF($BM1="K",ABS(BO5-BO1)/$BX5,IF($BM6="K",ABS(BO5-BO6)/$BX5,""))))),"")))))),"") | BZ5: =IFERROR(IF($BM5="D",IF(ISNUMBER(VALUE(MID(LEFT($BL5,FIND("-LD",$BL5)-1),1,LEN($BL5)))),IF(AND($BW$2="ON",BP5<R$2,INDEX(H$5:H$999,MATCH(VALUE(MID(LEFT($BL5,FIND("-LD",$BL5)-1),1,LEN($BL5))),$C$5:$C$999,0))<R$2),"<MRL",ABS((BP5-INDEX(H$5:H$999,MATCH(VALUE(MID(LEFT($BL5,FIND("-LD",$BL5)-1),1,LEN($BL5))),$C$5:$C$999,0)))/(AVERAGE(BP5,INDEX(H$5:H$999,MATCH(VALUE(MID(LEFT($BL5,FIND("-LD",$BL5)-1),1,LEN($BL5))),$C$5:$C$999,0)))))),IF(AND($BW$2="ON",BP5<R$2,INDEX(H$5:H$999,MATCH(MID(LEFT($BL5,FIND("-LD",$BL5)-1),1,LEN($BL5)),$C$5:$C$999,0))<R$2),"<MRL",ABS((BP5-INDEX(H$5:H$999,MATCH(MID(LEFT($BL5,FIND("-LD",$BL5)-1),1,LEN($BL5)),$C$5:$C$999,0)))/(AVERAGE(BP5,INDEX(H$5:H$999,MATCH(MID(LEFT($BL5,FIND("-LD",$BL5)-1),1,LEN($BL5)),$C$5:$C$999,0))))))),IF($BM5="K","",IF($BM5="M",IF(AND($BW$2="ON",BP5<R$2,$BX5<R$2),"<MRL",BP5/IF($BX5=0,1,$BX5)),IF($BM5="Q",BP5/$BX5,IF($BM5="S",IF(ISNUMBER(VALUE(MID(LEFT($BL5,FIND("-LFSM",$BL5)-1),1,LEN($BL5)))),(BP5-(INDEX(H$5:H$999,MATCH(VALUE(MID(LEFT($BL5,FIND("-LFSM",$BL5)-1),1,LEN($BL5))),$C$5:$C$999,0))))/$BX5,(BP5-(INDEX(H$5:H$999,MATCH(MID(LEFT($BL5,FIND("-LFSM",$BL5)-1),1,LEN($BL5)),$C$5:$C$999,0))))/$BX5),IF($BM5="Z",IF($BM4="K",ABS(BP5-BP4)/$BX5,IF($BM3="K",ABS(BP5-BP3)/$BX5,IF($BM2="K",ABS(BP5-BP2)/$BX5,IF($BM1="K",ABS(BP5-BP1)/$BX5,IF($BM6="K",ABS(BP5-BP6)/$BX5,""))))),"")))))),"") | CA5: =IFERROR(IF($BM5="D",IF(ISNUMBER(VALUE(MID(LEFT($BL5,FIND("-LD",$BL5)-1),1,LEN($BL5)))),IF(AND($BW$2="ON",BQ5<S$2,INDEX(I$5:I$999,MATCH(VALUE(MID(LEFT($BL5,FIND("-LD",$BL5)-1),1,LEN($BL5))),$C$5:$C$999,0))<S$2),"<MRL",ABS((BQ5-INDEX(I$5:I$999,MATCH(VALUE(MID(LEFT($BL5,FIND("-LD",$BL5)-1),1,LEN($BL5))),$C$5:$C$999,0)))/(AVERAGE(BQ5,INDEX(I$5:I$999,MATCH(VALUE(MID(LEFT($BL5,FIND("-LD",$BL5)-1),1,LEN($BL5))),$C$5:$C$999,0)))))),IF(AND($BW$2="ON",BQ5<S$2,INDEX(I$5:I$999,MATCH(MID(LEFT($BL5,FIND("-LD",$BL5)-1),1,LEN($BL5)),$C$5:$C$999,0))<S$2),"<MRL",ABS((BQ5-INDEX(I$5:I$999,MATCH(MID(LEFT($BL5,FIND("-LD",$BL5)-1),1,LEN($BL5)),$C$5:$C$999,0)))/(AVERAGE(BQ5,INDEX(I$5:I$999,MATCH(MID(LEFT($BL5,FIND("-LD",$BL5)-1),1,LEN($BL5)),$C$5:$C$999,0))))))),IF($BM5="K","",IF($BM5="M",IF(AND($BW$2="ON",BQ5<S$2,$BX5<S$2),"<MRL",BQ5/IF($BX5=0,1,$BX5)),IF($BM5="Q",BQ5/$BX5,IF($BM5="S",IF(ISNUMBER(VALUE(MID(LEFT($BL5,FIND("-LFSM",$BL5)-1),1,LEN($BL5)))),(BQ5-(INDEX(I$5:I$999,MATCH(VALUE(MID(LEFT($BL5,FIND("-LFSM",$BL5)-1),1,LEN($BL5))),$C$5:$C$999,0))))/$BX5,(BQ5-(INDEX(I$5:I$999,MATCH(MID(LEFT($BL5,FIND("-LFSM",$BL5)-1),1,LEN($BL5)),$C$5:$C$999,0))))/$BX5),IF($BM5="Z",IF($BM4="K",ABS(BQ5-BQ4)/$BX5,IF($BM3="K",ABS(BQ5-BQ3)/$BX5,IF($BM2="K",ABS(BQ5-BQ2)/$BX5,IF($BM1="K",ABS(BQ5-BQ1)/$BX5,IF($BM6="K",ABS(BQ5-BQ6)/$BX5,""))))),"")))))),"") | CB5: =IFERROR(IF($BM5="D",IF(ISNUMBER(VALUE(MID(LEFT($BL5,FIND("-LD",$BL5)-1),1,LEN($BL5)))),IF(AND($BW$2="ON",BR5<T$2,INDEX(J$5:J$999,MATCH(VALUE(MID(LEFT($BL5,FIND("-LD",$BL5)-1),1,LEN($BL5))),$C$5:$C$999,0))<T$2),"<MRL",ABS((BR5-INDEX(J$5:J$999,MATCH(VALUE(MID(LEFT($BL5,FIND("-LD",$BL5)-1),1,LEN($BL5))),$C$5:$C$999,0)))/(AVERAGE(BR5,INDEX(J$5:J$999,MATCH(VALUE(MID(LEFT($BL5,FIND("-LD",$BL5)-1),1,LEN($BL5))),$C$5:$C$999,0)))))),IF(AND($BW$2="ON",BR5<T$2,INDEX(J$5:J$999,MATCH(MID(LEFT($BL5,FIND("-LD",$BL5)-1),1,LEN($BL5)),$C$5:$C$999,0))<T$2),"<MRL",ABS((BR5-INDEX(J$5:J$999,MATCH(MID(LEFT($BL5,FIND("-LD",$BL5)-1),1,LEN($BL5)),$C$5:$C$999,0)))/(AVERAGE(BR5,INDEX(J$5:J$999,MATCH(MID(LEFT($BL5,FIND("-LD",$BL5)-1),1,LEN($BL5)),$C$5:$C$999,0))))))),IF($BM5="K","",IF($BM5="M",IF(AND($BW$2="ON",BR5<T$2,$BX5<T$2),"<MRL",BR5/IF($BX5=0,1,$BX5)),IF($BM5="Q",BR5/$BX5,IF($BM5="S",IF(ISNUMBER(VALUE(MID(LEFT($BL5,FIND("-LFSM",$BL5)-1),1,LEN($BL5)))),(BR5-(INDEX(J$5:J$999,MATCH(VALUE(MID(LEFT($BL5,FIND("-LFSM",$BL5)-1),1,LEN($BL5))),$C$5:$C$999,0))))/$BX5,(BR5-(INDEX(J$5:J$999,MATCH(MID(LEFT($BL5,FIND("-LFSM",$BL5)-1),1,LEN($BL5)),$C$5:$C$999,0))))/$BX5),IF($BM5="Z",IF($BM4="K",ABS(BR5-BR4)/$BX5,IF($BM3="K",ABS(BR5-BR3)/$BX5,IF($BM2="K",ABS(BR5-BR2)/$BX5,IF($BM1="K",ABS(BR5-BR1)/$BX5,IF($BM6="K",ABS(BR5-BR6)/$BX5,""))))),"")))))),"") | CC5: =IFERROR(IF($BM5="D",IF(ISNUMBER(VALUE(MID(LEFT($BL5,FIND("-LD",$BL5)-1),1,LEN($BL5)))),IF(AND($BW$2="ON",BS5<U$2,INDEX(K$5:K$999,MATCH(VALUE(MID(LEFT($BL5,FIND("-LD",$BL5)-1),1,LEN($BL5))),$C$5:$C$999,0))<U$2),"<MRL",ABS((BS5-INDEX(K$5:K$999,MATCH(VALUE(MID(LEFT($BL5,FIND("-LD",$BL5)-1),1,LEN($BL5))),$C$5:$C$999,0)))/(AVERAGE(BS5,INDEX(K$5:K$999,MATCH(VALUE(MID(LEFT($BL5,FIND("-LD",$BL5)-1),1,LEN($BL5))),$C$5:$C$999,0)))))),IF(AND($BW$2="ON",BS5<U$2,INDEX(K$5:K$999,MATCH(MID(LEFT($BL5,FIND("-LD",$BL5)-1),1,LEN($BL5)),$C$5:$C$999,0))<U$2),"<MRL",ABS((BS5-INDEX(K$5:K$999,MATCH(MID(LEFT($BL5,FIND("-LD",$BL5)-1),1,LEN($BL5)),$C$5:$C$999,0)))/(AVERAGE(BS5,INDEX(K$5:K$999,MATCH(MID(LEFT($BL5,FIND("-LD",$BL5)-1),1,LEN($BL5)),$C$5:$C$999,0))))))),IF($BM5="K","",IF($BM5="M",IF(AND($BW$2="ON",BS5<U$2,$BX5<U$2),"<MRL",BS5/IF($BX5=0,1,$BX5)),IF($BM5="Q",BS5/$BX5,IF($BM5="S",IF(ISNUMBER(VALUE(MID(LEFT($BL5,FIND("-LFSM",$BL5)-1),1,LEN($BL5)))),(BS5-(INDEX(K$5:K$999,MATCH(VALUE(MID(LEFT($BL5,FIND("-LFSM",$BL5)-1),1,LEN($BL5))),$C$5:$C$999,0))))/$BX5,(BS5-(INDEX(K$5:K$999,MATCH(MID(LEFT($BL5,FIND("-LFSM",$BL5)-1),1,LEN($BL5)),$C$5:$C$999,0))))/$BX5),IF($BM5="Z",IF($BM4="K",ABS(BS5-BS4)/$BX5,IF($BM3="K",ABS(BS5-BS3)/$BX5,IF($BM2="K",ABS(BS5-BS2)/$BX5,IF($BM1="K",ABS(BS5-BS1)/$BX5,IF($BM6="K",ABS(BS5-BS6)/$BX5,""))))),"")))))),"") | CD5: =IFERROR(IF($BM5="D",IF(ISNUMBER(VALUE(MID(LEFT($BL5,FIND("-LD",$BL5)-1),1,LEN($BL5)))),IF(AND($BW$2="ON",BT5<V$2,INDEX(L$5:L$999,MATCH(VALUE(MID(LEFT($BL5,FIND("-LD",$BL5)-1),1,LEN($BL5))),$C$5:$C$999,0))<V$2),"<MRL",ABS((BT5-INDEX(L$5:L$999,MATCH(VALUE(MID(LEFT($BL5,FIND("-LD",$BL5)-1),1,LEN($BL5))),$C$5:$C$999,0)))/(AVERAGE(BT5,INDEX(L$5:L$999,MATCH(VALUE(MID(LEFT($BL5,FIND("-LD",$BL5)-1),1,LEN($BL5))),$C$5:$C$999,0)))))),IF(AND($BW$2="ON",BT5<V$2,INDEX(L$5:L$999,MATCH(MID(LEFT($BL5,FIND("-LD",$BL5)-1),1,LEN($BL5)),$C$5:$C$999,0))<V$2),"<MRL",ABS((BT5-INDEX(L$5:L$999,MATCH(MID(LEFT($BL5,FIND("-LD",$BL5)-1),1,LEN($BL5)),$C$5:$C$999,0)))/(AVERAGE(BT5,INDEX(L$5:L$999,MATCH(MID(LEFT($BL5,FIND("-LD",$BL5)-1),1,LEN($BL5)),$C$5:$C$999,0))))))),IF($BM5="K","",IF($BM5="M",IF(AND($BW$2="ON",BT5<V$2,$BX5<V$2),"<MRL",BT5/IF($BX5=0,1,$BX5)),IF($BM5="Q",BT5/$BX5,IF($BM5="S",IF(ISNUMBER(VALUE(MID(LEFT($BL5,FIND("-LFSM",$BL5)-1),1,LEN($BL5)))),(BT5-(INDEX(L$5:L$999,MATCH(VALUE(MID(LEFT($BL5,FIND("-LFSM",$BL5)-1),1,LEN($BL5))),$C$5:$C$999,0))))/$BX5,(BT5-(INDEX(L$5:L$999,MATCH(MID(LEFT($BL5,FIND("-LFSM",$BL5)-1),1,LEN($BL5)),$C$5:$C$999,0))))/$BX5),IF($BM5="Z",IF($BM4="K",ABS(BT5-BT4)/$BX5,IF($BM3="K",ABS(BT5-BT3)/$BX5,IF($BM2="K",ABS(BT5-BT2)/$BX5,IF($BM1="K",ABS(BT5-BT1)/$BX5,IF($BM6="K",ABS(BT5-BT6)/$BX5,""))))),"")))))),"") | CE5: =IFERROR(IF($BM5="D",IF(ISNUMBER(VALUE(MID(LEFT($BL5,FIND("-LD",$BL5)-1),1,LEN($BL5)))),IF(AND($BW$2="ON",BU5<W$2,INDEX(M$5:M$999,MATCH(VALUE(MID(LEFT($BL5,FIND("-LD",$BL5)-1),1,LEN($BL5))),$C$5:$C$999,0))<W$2),"<MRL",ABS((BU5-INDEX(M$5:M$999,MATCH(VALUE(MID(LEFT($BL5,FIND("-LD",$BL5)-1),1,LEN($BL5))),$C$5:$C$999,0)))/(AVERAGE(BU5,INDEX(M$5:M$999,MATCH(VALUE(MID(LEFT($BL5,FIND("-LD",$BL5)-1),1,LEN($BL5))),$C$5:$C$999,0)))))),IF(AND($BW$2="ON",BU5<W$2,INDEX(M$5:M$999,MATCH(MID(LEFT($BL5,FIND("-LD",$BL5)-1),1,LEN($BL5)),$C$5:$C$999,0))<W$2),"<MRL",ABS((BU5-INDEX(M$5:M$999,MATCH(MID(LEFT($BL5,FIND("-LD",$BL5)-1),1,LEN($BL5)),$C$5:$C$999,0)))/(AVERAGE(BU5,INDEX(M$5:M$999,MATCH(MID(LEFT($BL5,FIND("-LD",$BL5)-1),1,LEN($BL5)),$C$5:$C$999,0))))))),IF($BM5="K","",IF($BM5="M",IF(AND($BW$2="ON",BU5<W$2,$BX5<W$2),"<MRL",BU5/IF($BX5=0,1,$BX5)),IF($BM5="Q",BU5/$BX5,IF($BM5="S",IF(ISNUMBER(VALUE(MID(LEFT($BL5,FIND("-LFSM",$BL5)-1),1,LEN($BL5)))),(BU5-(INDEX(M$5:M$999,MATCH(VALUE(MID(LEFT($BL5,FIND("-LFSM",$BL5)-1),1,LEN($BL5))),$C$5:$C$999,0))))/$BX5,(BU5-(INDEX(M$5:M$999,MATCH(MID(LEFT($BL5,FIND("-LFSM",$BL5)-1),1,LEN($BL5)),$C$5:$C$999,0))))/$BX5),IF($BM5="Z",IF($BM4="K",ABS(BU5-BU4)/$BX5,IF($BM3="K",ABS(BU5-BU3)/$BX5,IF($BM2="K",ABS(BU5-BU2)/$BX5,IF($BM1="K",ABS(BU5-BU1)/$BX5,IF($BM6="K",ABS(BU5-BU6)/$BX5,""))))),"")))))),"") | CF5: =IFERROR(IF($BM5="D",IF(ISNUMBER(VALUE(MID(LEFT($BL5,FIND("-LD",$BL5)-1),1,LEN($BL5)))),IF(AND($BW$2="ON",BV5<X$2,INDEX(N$5:N$999,MATCH(VALUE(MID(LEFT($BL5,FIND("-LD",$BL5)-1),1,LEN($BL5))),$C$5:$C$999,0))<X$2),"<MRL",ABS((BV5-INDEX(N$5:N$999,MATCH(VALUE(MID(LEFT($BL5,FIND("-LD",$BL5)-1),1,LEN($BL5))),$C$5:$C$999,0)))/(AVERAGE(BV5,INDEX(N$5:N$999,MATCH(VALUE(MID(LEFT($BL5,FIND("-LD",$BL5)-1),1,LEN($BL5))),$C$5:$C$999,0)))))),IF(AND($BW$2="ON",BV5<X$2,INDEX(N$5:N$999,MATCH(MID(LEFT($BL5,FIND("-LD",$BL5)-1),1,LEN($BL5)),$C$5:$C$999,0))<X$2),"<MRL",ABS((BV5-INDEX(N$5:N$999,MATCH(MID(LEFT($BL5,FIND("-LD",$BL5)-1),1,LEN($BL5)),$C$5:$C$999,0)))/(AVERAGE(BV5,INDEX(N$5:N$999,MATCH(MID(LEFT($BL5,FIND("-LD",$BL5)-1),1,LEN($BL5)),$C$5:$C$999,0))))))),IF($BM5="K","",IF($BM5="M",IF(AND($BW$2="ON",BV5<X$2,$BX5<X$2),"<MRL",BV5/IF($BX5=0,1,$BX5)),IF($BM5="Q",BV5/$BX5,IF($BM5="S",IF(ISNUMBER(VALUE(MID(LEFT($BL5,FIND("-LFSM",$BL5)-1),1,LEN($BL5)))),(BV5-(INDEX(N$5:N$999,MATCH(VALUE(MID(LEFT($BL5,FIND("-LFSM",$BL5)-1),1,LEN($BL5))),$C$5:$C$999,0))))/$BX5,(BV5-(INDEX(N$5:N$999,MATCH(MID(LEFT($BL5,FIND("-LFSM",$BL5)-1),1,LEN($BL5)),$C$5:$C$999,0))))/$BX5),IF($BM5="Z",IF($BM4="K",ABS(BV5-BV4)/$BX5,IF($BM3="K",ABS(BV5-BV3)/$BX5,IF($BM2="K",ABS(BV5-BV2)/$BX5,IF($BM1="K",ABS(BV5-BV1)/$BX5,IF($BM6="K",ABS(BV5-BV6)/$BX5,""))))),"")))))),"") | CG5: =IFERROR(IF($BM5="D",IF(ISNUMBER(VALUE(MID(LEFT($BL5,FIND("-LD",$BL5)-1),1,LEN($BL5)))),IF(AND($BW$2="ON",BW5<Y$2,INDEX(O$5:O$999,MATCH(VALUE(MID(LEFT($BL5,FIND("-LD",$BL5)-1),1,LEN($BL5))),$C$5:$C$999,0))<Y$2),"<MRL",ABS((BW5-INDEX(O$5:O$999,MATCH(VALUE(MID(LEFT($BL5,FIND("-LD",$BL5)-1),1,LEN($BL5))),$C$5:$C$999,0)))/(AVERAGE(BW5,INDEX(O$5:O$999,MATCH(VALUE(MID(LEFT($BL5,FIND("-LD",$BL5)-1),1,LEN($BL5))),$C$5:$C$999,0)))))),IF(AND($BW$2="ON",BW5<Y$2,INDEX(O$5:O$999,MATCH(MID(LEFT($BL5,FIND("-LD",$BL5)-1),1,LEN($BL5)),$C$5:$C$999,0))<Y$2),"<MRL",ABS((BW5-INDEX(O$5:O$999,MATCH(MID(LEFT($BL5,FIND("-LD",$BL5)-1),1,LEN($BL5)),$C$5:$C$999,0)))/(AVERAGE(BW5,INDEX(O$5:O$999,MATCH(MID(LEFT($BL5,FIND("-LD",$BL5)-1),1,LEN($BL5)),$C$5:$C$999,0))))))),IF($BM5="K","",IF($BM5="M",IF(AND($BW$2="ON",BW5<Y$2,$BX5<Y$2),"<MRL",BW5/IF($BX5=0,1,$BX5)),IF($BM5="Q",BW5/$BX5,IF($BM5="S",IF(ISNUMBER(VALUE(MID(LEFT($BL5,FIND("-LFSM",$BL5)-1),1,LEN($BL5)))),(BW5-(INDEX(O$5:O$999,MATCH(VALUE(MID(LEFT($BL5,FIND("-LFSM",$BL5)-1),1,LEN($BL5))),$C$5:$C$999,0))))/$BX5,(BW5-(INDEX(O$5:O$999,MATCH(MID(LEFT($BL5,FIND("-LFSM",$BL5)-1),1,LEN($BL5)),$C$5:$C$999,0))))/$BX5),IF($BM5="Z",IF($BM4="K",ABS(BW5-BW4)/$BX5,IF($BM3="K",ABS(BW5-BW3)/$BX5,IF($BM2="K",ABS(BW5-BW2)/$BX5,IF($BM1="K",ABS(BW5-BW1)/$BX5,IF($BM6="K",ABS(BW5-BW6)/$BX5,""))))),"")))))),"") | CH5: =IFERROR(IF($BM5="D",IF(ISNUMBER(VALUE(MID(LEFT($BL5,FIND("-LD",$BL5)-1),1,LEN($BL5)))),IF(AND($BW$2="ON",BO5<Q$2,INDEX(G$5:G$999,MATCH(VALUE(MID(LEFT($BL5,FIND("-LD",$BL5)-1),1,LEN($BL5))),$C$5:$C$999,0))<Q$2),"",IF(OR(((BO5-INDEX(G$5:G$999,MATCH(VALUE(MID(LEFT($BL5,FIND("-LD",$BL5)-1),1,LEN($BL5))),$C$5:$C$999,0)))/(AVERAGE(BO5,INDEX(G$5:G$999,MATCH(VALUE(MID(LEFT($BL5,FIND("-LD",$BL5)-1),1,LEN($BL5))),$C$5:$C$999,0)))))>IF(BO5>Q$2,$BO$2,$BV$2),((BO5-INDEX(G$5:G$999,MATCH(VALUE(MID(LEFT($BL5,FIND("-LD",$BL5)-1),1,LEN($BL5))),$C$5:$C$999,0)))/(AVERAGE(BO5,INDEX(G$5:G$999,MATCH(VALUE(MID(LEFT($BL5,FIND("-LD",$BL5)-1),1,LEN($BL5))),$C$5:$C$999,0)))))<(IF(BO5>Q$2,$BO$2,$BV$2)*-1)), "FAIL","")),IF(AND($BW$2="ON",BO5<Q$2,INDEX(G$5:G$999,MATCH(MID(LEFT($BL5,FIND("-LD",$BL5)-1),1,LEN($BL5)),$C$5:$C$999,0))<Q$2),"",IF(OR(((BO5-INDEX(G$5:G$999,MATCH(MID(LEFT($BL5,FIND("-LD",$BL5)-1),1,LEN($BL5)),$C$5:$C$999,0)))/(AVERAGE(BO5,INDEX(G$5:G$999,MATCH(MID(LEFT($BL5,FIND("-LD",$BL5)-1),1,LEN($BL5)),$C$5:$C$999,0)))))>IF(BO5>Q$2,$BO$2,$BV$2),((BO5-INDEX(G$5:G$999,MATCH(MID(LEFT($BL5,FIND("-LD",$BL5)-1),1,LEN($BL5)),$C$5:$C$999,0)))/(AVERAGE(BO5,INDEX(G$5:G$999,MATCH(MID(LEFT($BL5,FIND("-LD",$BL5)-1),1,LEN($BL5)),$C$5:$C$999,0)))))<(IF(BO5>Q$2,$BO$2,$BV$2)*-1)),"FAIL",""))),IF($BM5="K",IF(BO5>Q$2*$BP$2,"FAIL",""),IF($BM5="M",IF(ABS(1-(BO5/IF($BX5=0,0.001,$BX5)))>IF(BO5>Q$2,$BQ$2,$BV$2),IF(AND($BW$2="ON",BO5<Q$2,$BX5<Q$2),"","FAIL"),""),IF($BM5="Q",IF(ISNUMBER(SEARCH("IBC",$BL5)),IF(ABS(1-(BO5/$BX5))>$BU$2,"FAIL",""),IF(ABS(1-(BO5/$BX5))>$BR$2,"FAIL","")),IF($BM5="S",IF(ISNUMBER(VALUE(MID(LEFT($BL5,FIND("-LFSM",$BL5)-1),1,LEN($BL5)))),IF(ABS(1-((BO5-(INDEX(G$5:G$999,MATCH(VALUE(MID(LEFT($BL5,FIND("-LFSM",$BL5)-1),1,LEN($BL5))),$C$5:$C$999,0))))/$BX5))>IF(BO5>Q$2,$BS$2,$BV$2),"FAIL",""),IF(ABS(1-((BO5-(INDEX(G$5:G$999,MATCH(MID(LEFT($BL5,FIND("-LFSM",$BL5)-1),1,LEN($BL5)),$C$5:$C$999,0))))/$BX5))>IF(BO5>Q$2,$BS$2,$BV$2),"FAIL","")),IF($BM5="Z",IF($BM4="K",IF(ABS(1-(ABS(BO5-BO4)/$BX5))>$BT$2,"FAIL",""),IF($BM3="K",IF(ABS(1-(ABS(BO5-BO3)/$BX5))>$BT$2,"FAIL",""),IF($BM2="K",IF(ABS(1-(ABS(BO5-BO2)/$BX5))>$BT$2,"FAIL",""),IF($BM1="K",IF(ABS(1-(ABS(BO5-BO1)/$BX5))>$BT$2,"FAIL",""),IF($BM6="K",IF(ABS(1-(ABS(BO5-BO6)/$BX5))>$BT$2,"FAIL",""),""))))),"")))))),"") | CI5: =IFERROR(IF($BM5="D",IF(ISNUMBER(VALUE(MID(LEFT($BL5,FIND("-LD",$BL5)-1),1,LEN($BL5)))),IF(AND($BW$2="ON",BP5<R$2,INDEX(H$5:H$999,MATCH(VALUE(MID(LEFT($BL5,FIND("-LD",$BL5)-1),1,LEN($BL5))),$C$5:$C$999,0))<R$2),"",IF(OR(((BP5-INDEX(H$5:H$999,MATCH(VALUE(MID(LEFT($BL5,FIND("-LD",$BL5)-1),1,LEN($BL5))),$C$5:$C$999,0)))/(AVERAGE(BP5,INDEX(H$5:H$999,MATCH(VALUE(MID(LEFT($BL5,FIND("-LD",$BL5)-1),1,LEN($BL5))),$C$5:$C$999,0)))))>IF(BP5>R$2,$BO$2,$BV$2),((BP5-INDEX(H$5:H$999,MATCH(VALUE(MID(LEFT($BL5,FIND("-LD",$BL5)-1),1,LEN($BL5))),$C$5:$C$999,0)))/(AVERAGE(BP5,INDEX(H$5:H$999,MATCH(VALUE(MID(LEFT($BL5,FIND("-LD",$BL5)-1),1,LEN($BL5))),$C$5:$C$999,0)))))<(IF(BP5>R$2,$BO$2,$BV$2)*-1)), "FAIL","")),IF(AND($BW$2="ON",BP5<R$2,INDEX(H$5:H$999,MATCH(MID(LEFT($BL5,FIND("-LD",$BL5)-1),1,LEN($BL5)),$C$5:$C$999,0))<R$2),"",IF(OR(((BP5-INDEX(H$5:H$999,MATCH(MID(LEFT($BL5,FIND("-LD",$BL5)-1),1,LEN($BL5)),$C$5:$C$999,0)))/(AVERAGE(BP5,INDEX(H$5:H$999,MATCH(MID(LEFT($BL5,FIND("-LD",$BL5)-1),1,LEN($BL5)),$C$5:$C$999,0)))))>IF(BP5>R$2,$BO$2,$BV$2),((BP5-INDEX(H$5:H$999,MATCH(MID(LEFT($BL5,FIND("-LD",$BL5)-1),1,LEN($BL5)),$C$5:$C$999,0)))/(AVERAGE(BP5,INDEX(H$5:H$999,MATCH(MID(LEFT($BL5,FIND("-LD",$BL5)-1),1,LEN($BL5)),$C$5:$C$999,0)))))<(IF(BP5>R$2,$BO$2,$BV$2)*-1)),"FAIL",""))),IF($BM5="K",IF(BP5>R$2*$BP$2,"FAIL",""),IF($BM5="M",IF(ABS(1-(BP5/IF($BX5=0,0.001,$BX5)))>IF(BP5>R$2,$BQ$2,$BV$2),IF(AND($BW$2="ON",BP5<R$2,$BX5<R$2),"","FAIL"),""),IF($BM5="Q",IF(ISNUMBER(SEARCH("IBC",$BL5)),IF(ABS(1-(BP5/$BX5))>$BU$2,"FAIL",""),IF(ABS(1-(BP5/$BX5))>$BR$2,"FAIL","")),IF($BM5="S",IF(ISNUMBER(VALUE(MID(LEFT($BL5,FIND("-LFSM",$BL5)-1),1,LEN($BL5)))),IF(ABS(1-((BP5-(INDEX(H$5:H$999,MATCH(VALUE(MID(LEFT($BL5,FIND("-LFSM",$BL5)-1),1,LEN($BL5))),$C$5:$C$999,0))))/$BX5))>IF(BP5>R$2,$BS$2,$BV$2),"FAIL",""),IF(ABS(1-((BP5-(INDEX(H$5:H$999,MATCH(MID(LEFT($BL5,FIND("-LFSM",$BL5)-1),1,LEN($BL5)),$C$5:$C$999,0))))/$BX5))>IF(BP5>R$2,$BS$2,$BV$2),"FAIL","")),IF($BM5="Z",IF($BM4="K",IF(ABS(1-(ABS(BP5-BP4)/$BX5))>$BT$2,"FAIL",""),IF($BM3="K",IF(ABS(1-(ABS(BP5-BP3)/$BX5))>$BT$2,"FAIL",""),IF($BM2="K",IF(ABS(1-(ABS(BP5-BP2)/$BX5))>$BT$2,"FAIL",""),IF($BM1="K",IF(ABS(1-(ABS(BP5-BP1)/$BX5))>$BT$2,"FAIL",""),IF($BM6="K",IF(ABS(1-(ABS(BP5-BP6)/$BX5))>$BT$2,"FAIL",""),""))))),"")))))),"") | CJ5: =IFERROR(IF($BM5="D",IF(ISNUMBER(VALUE(MID(LEFT($BL5,FIND("-LD",$BL5)-1),1,LEN($BL5)))),IF(AND($BW$2="ON",BQ5<S$2,INDEX(I$5:I$999,MATCH(VALUE(MID(LEFT($BL5,FIND("-LD",$BL5)-1),1,LEN($BL5))),$C$5:$C$999,0))<S$2),"",IF(OR(((BQ5-INDEX(I$5:I$999,MATCH(VALUE(MID(LEFT($BL5,FIND("-LD",$BL5)-1),1,LEN($BL5))),$C$5:$C$999,0)))/(AVERAGE(BQ5,INDEX(I$5:I$999,MATCH(VALUE(MID(LEFT($BL5,FIND("-LD",$BL5)-1),1,LEN($BL5))),$C$5:$C$999,0)))))>IF(BQ5>S$2,$BO$2,$BV$2),((BQ5-INDEX(I$5:I$999,MATCH(VALUE(MID(LEFT($BL5,FIND("-LD",$BL5)-1),1,LEN($BL5))),$C$5:$C$999,0)))/(AVERAGE(BQ5,INDEX(I$5:I$999,MATCH(VALUE(MID(LEFT($BL5,FIND("-LD",$BL5)-1),1,LEN($BL5))),$C$5:$C$999,0)))))<(IF(BQ5>S$2,$BO$2,$BV$2)*-1)), "FAIL","")),IF(AND($BW$2="ON",BQ5<S$2,INDEX(I$5:I$999,MATCH(MID(LEFT($BL5,FIND("-LD",$BL5)-1),1,LEN($BL5)),$C$5:$C$999,0))<S$2),"",IF(OR(((BQ5-INDEX(I$5:I$999,MATCH(MID(LEFT($BL5,FIND("-LD",$BL5)-1),1,LEN($BL5)),$C$5:$C$999,0)))/(AVERAGE(BQ5,INDEX(I$5:I$999,MATCH(MID(LEFT($BL5,FIND("-LD",$BL5)-1),1,LEN($BL5)),$C$5:$C$999,0)))))>IF(BQ5>S$2,$BO$2,$BV$2),((BQ5-INDEX(I$5:I$999,MATCH(MID(LEFT($BL5,FIND("-LD",$BL5)-1),1,LEN($BL5)),$C$5:$C$999,0)))/(AVERAGE(BQ5,INDEX(I$5:I$999,MATCH(MID(LEFT($BL5,FIND("-LD",$BL5)-1),1,LEN($BL5)),$C$5:$C$999,0)))))<(IF(BQ5>S$2,$BO$2,$BV$2)*-1)),"FAIL",""))),IF($BM5="K",IF(BQ5>S$2*$BP$2,"FAIL",""),IF($BM5="M",IF(ABS(1-(BQ5/IF($BX5=0,0.001,$BX5)))>IF(BQ5>S$2,$BQ$2,$BV$2),IF(AND($BW$2="ON",BQ5<S$2,$BX5<S$2),"","FAIL"),""),IF($BM5="Q",IF(ISNUMBER(SEARCH("IBC",$BL5)),IF(ABS(1-(BQ5/$BX5))>$BU$2,"FAIL",""),IF(ABS(1-(BQ5/$BX5))>$BR$2,"FAIL","")),IF($BM5="S",IF(ISNUMBER(VALUE(MID(LEFT($BL5,FIND("-LFSM",$BL5)-1),1,LEN($BL5)))),IF(ABS(1-((BQ5-(INDEX(I$5:I$999,MATCH(VALUE(MID(LEFT($BL5,FIND("-LFSM",$BL5)-1),1,LEN($BL5))),$C$5:$C$999,0))))/$BX5))>IF(BQ5>S$2,$BS$2,$BV$2),"FAIL",""),IF(ABS(1-((BQ5-(INDEX(I$5:I$999,MATCH(MID(LEFT($BL5,FIND("-LFSM",$BL5)-1),1,LEN($BL5)),$C$5:$C$999,0))))/$BX5))>IF(BQ5>S$2,$BS$2,$BV$2),"FAIL","")),IF($BM5="Z",IF($BM4="K",IF(ABS(1-(ABS(BQ5-BQ4)/$BX5))>$BT$2,"FAIL",""),IF($BM3="K",IF(ABS(1-(ABS(BQ5-BQ3)/$BX5))>$BT$2,"FAIL",""),IF($BM2="K",IF(ABS(1-(ABS(BQ5-BQ2)/$BX5))>$BT$2,"FAIL",""),IF($BM1="K",IF(ABS(1-(ABS(BQ5-BQ1)/$BX5))>$BT$2,"FAIL",""),IF($BM6="K",IF(ABS(1-(ABS(BQ5-BQ6)/$BX5))>$BT$2,"FAIL",""),""))))),"")))))),"") | CK5: =IFERROR(IF($BM5="D",IF(ISNUMBER(VALUE(MID(LEFT($BL5,FIND("-LD",$BL5)-1),1,LEN($BL5)))),IF(AND($BW$2="ON",BR5<T$2,INDEX(J$5:J$999,MATCH(VALUE(MID(LEFT($BL5,FIND("-LD",$BL5)-1),1,LEN($BL5))),$C$5:$C$999,0))<T$2),"",IF(OR(((BR5-INDEX(J$5:J$999,MATCH(VALUE(MID(LEFT($BL5,FIND("-LD",$BL5)-1),1,LEN($BL5))),$C$5:$C$999,0)))/(AVERAGE(BR5,INDEX(J$5:J$999,MATCH(VALUE(MID(LEFT($BL5,FIND("-LD",$BL5)-1),1,LEN($BL5))),$C$5:$C$999,0)))))>IF(BR5>T$2,$BO$2,$BV$2),((BR5-INDEX(J$5:J$999,MATCH(VALUE(MID(LEFT($BL5,FIND("-LD",$BL5)-1),1,LEN($BL5))),$C$5:$C$999,0)))/(AVERAGE(BR5,INDEX(J$5:J$999,MATCH(VALUE(MID(LEFT($BL5,FIND("-LD",$BL5)-1),1,LEN($BL5))),$C$5:$C$999,0)))))<(IF(BR5>T$2,$BO$2,$BV$2)*-1)), "FAIL","")),IF(AND($BW$2="ON",BR5<T$2,INDEX(J$5:J$999,MATCH(MID(LEFT($BL5,FIND("-LD",$BL5)-1),1,LEN($BL5)),$C$5:$C$999,0))<T$2),"",IF(OR(((BR5-INDEX(J$5:J$999,MATCH(MID(LEFT($BL5,FIND("-LD",$BL5)-1),1,LEN($BL5)),$C$5:$C$999,0)))/(AVERAGE(BR5,INDEX(J$5:J$999,MATCH(MID(LEFT($BL5,FIND("-LD",$BL5)-1),1,LEN($BL5)),$C$5:$C$999,0)))))>IF(BR5>T$2,$BO$2,$BV$2),((BR5-INDEX(J$5:J$999,MATCH(MID(LEFT($BL5,FIND("-LD",$BL5)-1),1,LEN($BL5)),$C$5:$C$999,0)))/(AVERAGE(BR5,INDEX(J$5:J$999,MATCH(MID(LEFT($BL5,FIND("-LD",$BL5)-1),1,LEN($BL5)),$C$5:$C$999,0)))))<(IF(BR5>T$2,$BO$2,$BV$2)*-1)),"FAIL",""))),IF($BM5="K",IF(BR5>T$2*$BP$2,"FAIL",""),IF($BM5="M",IF(ABS(1-(BR5/IF($BX5=0,0.001,$BX5)))>IF(BR5>T$2,$BQ$2,$BV$2),IF(AND($BW$2="ON",BR5<T$2,$BX5<T$2),"","FAIL"),""),IF($BM5="Q",IF(ISNUMBER(SEARCH("IBC",$BL5)),IF(ABS(1-(BR5/$BX5))>$BU$2,"FAIL",""),IF(ABS(1-(BR5/$BX5))>$BR$2,"FAIL","")),IF($BM5="S",IF(ISNUMBER(VALUE(MID(LEFT($BL5,FIND("-LFSM",$BL5)-1),1,LEN($BL5)))),IF(ABS(1-((BR5-(INDEX(J$5:J$999,MATCH(VALUE(MID(LEFT($BL5,FIND("-LFSM",$BL5)-1),1,LEN($BL5))),$C$5:$C$999,0))))/$BX5))>IF(BR5>T$2,$BS$2,$BV$2),"FAIL",""),IF(ABS(1-((BR5-(INDEX(J$5:J$999,MATCH(MID(LEFT($BL5,FIND("-LFSM",$BL5)-1),1,LEN($BL5)),$C$5:$C$999,0))))/$BX5))>IF(BR5>T$2,$BS$2,$BV$2),"FAIL","")),IF($BM5="Z",IF($BM4="K",IF(ABS(1-(ABS(BR5-BR4)/$BX5))>$BT$2,"FAIL",""),IF($BM3="K",IF(ABS(1-(ABS(BR5-BR3)/$BX5))>$BT$2,"FAIL",""),IF($BM2="K",IF(ABS(1-(ABS(BR5-BR2)/$BX5))>$BT$2,"FAIL",""),IF($BM1="K",IF(ABS(1-(ABS(BR5-BR1)/$BX5))>$BT$2,"FAIL",""),IF($BM6="K",IF(ABS(1-(ABS(BR5-BR6)/$BX5))>$BT$2,"FAIL",""),""))))),"")))))),"") | CL5: =IFERROR(IF($BM5="D",IF(ISNUMBER(VALUE(MID(LEFT($BL5,FIND("-LD",$BL5)-1),1,LEN($BL5)))),IF(AND($BW$2="ON",BS5<U$2,INDEX(K$5:K$999,MATCH(VALUE(MID(LEFT($BL5,FIND("-LD",$BL5)-1),1,LEN($BL5))),$C$5:$C$999,0))<U$2),"",IF(OR(((BS5-INDEX(K$5:K$999,MATCH(VALUE(MID(LEFT($BL5,FIND("-LD",$BL5)-1),1,LEN($BL5))),$C$5:$C$999,0)))/(AVERAGE(BS5,INDEX(K$5:K$999,MATCH(VALUE(MID(LEFT($BL5,FIND("-LD",$BL5)-1),1,LEN($BL5))),$C$5:$C$999,0)))))>IF(BS5>U$2,$BO$2,$BV$2),((BS5-INDEX(K$5:K$999,MATCH(VALUE(MID(LEFT($BL5,FIND("-LD",$BL5)-1),1,LEN($BL5))),$C$5:$C$999,0)))/(AVERAGE(BS5,INDEX(K$5:K$999,MATCH(VALUE(MID(LEFT($BL5,FIND("-LD",$BL5)-1),1,LEN($BL5))),$C$5:$C$999,0)))))<(IF(BS5>U$2,$BO$2,$BV$2)*-1)), "FAIL","")),IF(AND($BW$2="ON",BS5<U$2,INDEX(K$5:K$999,MATCH(MID(LEFT($BL5,FIND("-LD",$BL5)-1),1,LEN($BL5)),$C$5:$C$999,0))<U$2),"",IF(OR(((BS5-INDEX(K$5:K$999,MATCH(MID(LEFT($BL5,FIND("-LD",$BL5)-1),1,LEN($BL5)),$C$5:$C$999,0)))/(AVERAGE(BS5,INDEX(K$5:K$999,MATCH(MID(LEFT($BL5,FIND("-LD",$BL5)-1),1,LEN($BL5)),$C$5:$C$999,0)))))>IF(BS5>U$2,$BO$2,$BV$2),((BS5-INDEX(K$5:K$999,MATCH(MID(LEFT($BL5,FIND("-LD",$BL5)-1),1,LEN($BL5)),$C$5:$C$999,0)))/(AVERAGE(BS5,INDEX(K$5:K$999,MATCH(MID(LEFT($BL5,FIND("-LD",$BL5)-1),1,LEN($BL5)),$C$5:$C$999,0)))))<(IF(BS5>U$2,$BO$2,$BV$2)*-1)),"FAIL",""))),IF($BM5="K",IF(BS5>U$2*$BP$2,"FAIL",""),IF($BM5="M",IF(ABS(1-(BS5/IF($BX5=0,0.001,$BX5)))>IF(BS5>U$2,$BQ$2,$BV$2),IF(AND($BW$2="ON",BS5<U$2,$BX5<U$2),"","FAIL"),""),IF($BM5="Q",IF(ISNUMBER(SEARCH("IBC",$BL5)),IF(ABS(1-(BS5/$BX5))>$BU$2,"FAIL",""),IF(ABS(1-(BS5/$BX5))>$BR$2,"FAIL","")),IF($BM5="S",IF(ISNUMBER(VALUE(MID(LEFT($BL5,FIND("-LFSM",$BL5)-1),1,LEN($BL5)))),IF(ABS(1-((BS5-(INDEX(K$5:K$999,MATCH(VALUE(MID(LEFT($BL5,FIND("-LFSM",$BL5)-1),1,LEN($BL5))),$C$5:$C$999,0))))/$BX5))>IF(BS5>U$2,$BS$2,$BV$2),"FAIL",""),IF(ABS(1-((BS5-(INDEX(K$5:K$999,MATCH(MID(LEFT($BL5,FIND("-LFSM",$BL5)-1),1,LEN($BL5)),$C$5:$C$999,0))))/$BX5))>IF(BS5>U$2,$BS$2,$BV$2),"FAIL","")),IF($BM5="Z",IF($BM4="K",IF(ABS(1-(ABS(BS5-BS4)/$BX5))>$BT$2,"FAIL",""),IF($BM3="K",IF(ABS(1-(ABS(BS5-BS3)/$BX5))>$BT$2,"FAIL",""),IF($BM2="K",IF(ABS(1-(ABS(BS5-BS2)/$BX5))>$BT$2,"FAIL",""),IF($BM1="K",IF(ABS(1-(ABS(BS5-BS1)/$BX5))>$BT$2,"FAIL",""),IF($BM6="K",IF(ABS(1-(ABS(BS5-BS6)/$BX5))>$BT$2,"FAIL",""),""))))),"")))))),"") | CM5: =IFERROR(IF($BM5="D",IF(ISNUMBER(VALUE(MID(LEFT($BL5,FIND("-LD",$BL5)-1),1,LEN($BL5)))),IF(AND($BW$2="ON",BT5<V$2,INDEX(L$5:L$999,MATCH(VALUE(MID(LEFT($BL5,FIND("-LD",$BL5)-1),1,LEN($BL5))),$C$5:$C$999,0))<V$2),"",IF(OR(((BT5-INDEX(L$5:L$999,MATCH(VALUE(MID(LEFT($BL5,FIND("-LD",$BL5)-1),1,LEN($BL5))),$C$5:$C$999,0)))/(AVERAGE(BT5,INDEX(L$5:L$999,MATCH(VALUE(MID(LEFT($BL5,FIND("-LD",$BL5)-1),1,LEN($BL5))),$C$5:$C$999,0)))))>IF(BT5>V$2,$BO$2,$BV$2),((BT5-INDEX(L$5:L$999,MATCH(VALUE(MID(LEFT($BL5,FIND("-LD",$BL5)-1),1,LEN($BL5))),$C$5:$C$999,0)))/(AVERAGE(BT5,INDEX(L$5:L$999,MATCH(VALUE(MID(LEFT($BL5,FIND("-LD",$BL5)-1),1,LEN($BL5))),$C$5:$C$999,0)))))<(IF(BT5>V$2,$BO$2,$BV$2)*-1)), "FAIL","")),IF(AND($BW$2="ON",BT5<V$2,INDEX(L$5:L$999,MATCH(MID(LEFT($BL5,FIND("-LD",$BL5)-1),1,LEN($BL5)),$C$5:$C$999,0))<V$2),"",IF(OR(((BT5-INDEX(L$5:L$999,MATCH(MID(LEFT($BL5,FIND("-LD",$BL5)-1),1,LEN($BL5)),$C$5:$C$999,0)))/(AVERAGE(BT5,INDEX(L$5:L$999,MATCH(MID(LEFT($BL5,FIND("-LD",$BL5)-1),1,LEN($BL5)),$C$5:$C$999,0)))))>IF(BT5>V$2,$BO$2,$BV$2),((BT5-INDEX(L$5:L$999,MATCH(MID(LEFT($BL5,FIND("-LD",$BL5)-1),1,LEN($BL5)),$C$5:$C$999,0)))/(AVERAGE(BT5,INDEX(L$5:L$999,MATCH(MID(LEFT($BL5,FIND("-LD",$BL5)-1),1,LEN($BL5)),$C$5:$C$999,0)))))<(IF(BT5>V$2,$BO$2,$BV$2)*-1)),"FAIL",""))),IF($BM5="K",IF(BT5>V$2*$BP$2,"FAIL",""),IF($BM5="M",IF(ABS(1-(BT5/IF($BX5=0,0.001,$BX5)))>IF(BT5>V$2,$BQ$2,$BV$2),IF(AND($BW$2="ON",BT5<V$2,$BX5<V$2),"","FAIL"),""),IF($BM5="Q",IF(ISNUMBER(SEARCH("IBC",$BL5)),IF(ABS(1-(BT5/$BX5))>$BU$2,"FAIL",""),IF(ABS(1-(BT5/$BX5))>$BR$2,"FAIL","")),IF($BM5="S",IF(ISNUMBER(VALUE(MID(LEFT($BL5,FIND("-LFSM",$BL5)-1),1,LEN($BL5)))),IF(ABS(1-((BT5-(INDEX(L$5:L$999,MATCH(VALUE(MID(LEFT($BL5,FIND("-LFSM",$BL5)-1),1,LEN($BL5))),$C$5:$C$999,0))))/$BX5))>IF(BT5>V$2,$BS$2,$BV$2),"FAIL",""),IF(ABS(1-((BT5-(INDEX(L$5:L$999,MATCH(MID(LEFT($BL5,FIND("-LFSM",$BL5)-1),1,LEN($BL5)),$C$5:$C$999,0))))/$BX5))>IF(BT5>V$2,$BS$2,$BV$2),"FAIL","")),IF($BM5="Z",IF($BM4="K",IF(ABS(1-(ABS(BT5-BT4)/$BX5))>$BT$2,"FAIL",""),IF($BM3="K",IF(ABS(1-(ABS(BT5-BT3)/$BX5))>$BT$2,"FAIL",""),IF($BM2="K",IF(ABS(1-(ABS(BT5-BT2)/$BX5))>$BT$2,"FAIL",""),IF($BM1="K",IF(ABS(1-(ABS(BT5-BT1)/$BX5))>$BT$2,"FAIL",""),IF($BM6="K",IF(ABS(1-(ABS(BT5-BT6)/$BX5))>$BT$2,"FAIL",""),""))))),"")))))),"") | CN5: =IFERROR(IF($BM5="D",IF(ISNUMBER(VALUE(MID(LEFT($BL5,FIND("-LD",$BL5)-1),1,LEN($BL5)))),IF(AND($BW$2="ON",BU5<W$2,INDEX(M$5:M$999,MATCH(VALUE(MID(LEFT($BL5,FIND("-LD",$BL5)-1),1,LEN($BL5))),$C$5:$C$999,0))<W$2),"",IF(OR(((BU5-INDEX(M$5:M$999,MATCH(VALUE(MID(LEFT($BL5,FIND("-LD",$BL5)-1),1,LEN($BL5))),$C$5:$C$999,0)))/(AVERAGE(BU5,INDEX(M$5:M$999,MATCH(VALUE(MID(LEFT($BL5,FIND("-LD",$BL5)-1),1,LEN($BL5))),$C$5:$C$999,0)))))>IF(BU5>W$2,$BO$2,$BV$2),((BU5-INDEX(M$5:M$999,MATCH(VALUE(MID(LEFT($BL5,FIND("-LD",$BL5)-1),1,LEN($BL5))),$C$5:$C$999,0)))/(AVERAGE(BU5,INDEX(M$5:M$999,MATCH(VALUE(MID(LEFT($BL5,FIND("-LD",$BL5)-1),1,LEN($BL5))),$C$5:$C$999,0)))))<(IF(BU5>W$2,$BO$2,$BV$2)*-1)), "FAIL","")),IF(AND($BW$2="ON",BU5<W$2,INDEX(M$5:M$999,MATCH(MID(LEFT($BL5,FIND("-LD",$BL5)-1),1,LEN($BL5)),$C$5:$C$999,0))<W$2),"",IF(OR(((BU5-INDEX(M$5:M$999,MATCH(MID(LEFT($BL5,FIND("-LD",$BL5)-1),1,LEN($BL5)),$C$5:$C$999,0)))/(AVERAGE(BU5,INDEX(M$5:M$999,MATCH(MID(LEFT($BL5,FIND("-LD",$BL5)-1),1,LEN($BL5)),$C$5:$C$999,0)))))>IF(BU5>W$2,$BO$2,$BV$2),((BU5-INDEX(M$5:M$999,MATCH(MID(LEFT($BL5,FIND("-LD",$BL5)-1),1,LEN($BL5)),$C$5:$C$999,0)))/(AVERAGE(BU5,INDEX(M$5:M$999,MATCH(MID(LEFT($BL5,FIND("-LD",$BL5)-1),1,LEN($BL5)),$C$5:$C$999,0)))))<(IF(BU5>W$2,$BO$2,$BV$2)*-1)),"FAIL",""))),IF($BM5="K",IF(BU5>W$2*$BP$2,"FAIL",""),IF($BM5="M",IF(ABS(1-(BU5/IF($BX5=0,0.001,$BX5)))>IF(BU5>W$2,$BQ$2,$BV$2),IF(AND($BW$2="ON",BU5<W$2,$BX5<W$2),"","FAIL"),""),IF($BM5="Q",IF(ISNUMBER(SEARCH("IBC",$BL5)),IF(ABS(1-(BU5/$BX5))>$BU$2,"FAIL",""),IF(ABS(1-(BU5/$BX5))>$BR$2,"FAIL","")),IF($BM5="S",IF(ISNUMBER(VALUE(MID(LEFT($BL5,FIND("-LFSM",$BL5)-1),1,LEN($BL5)))),IF(ABS(1-((BU5-(INDEX(M$5:M$999,MATCH(VALUE(MID(LEFT($BL5,FIND("-LFSM",$BL5)-1),1,LEN($BL5))),$C$5:$C$999,0))))/$BX5))>IF(BU5>W$2,$BS$2,$BV$2),"FAIL",""),IF(ABS(1-((BU5-(INDEX(M$5:M$999,MATCH(MID(LEFT($BL5,FIND("-LFSM",$BL5)-1),1,LEN($BL5)),$C$5:$C$999,0))))/$BX5))>IF(BU5>W$2,$BS$2,$BV$2),"FAIL","")),IF($BM5="Z",IF($BM4="K",IF(ABS(1-(ABS(BU5-BU4)/$BX5))>$BT$2,"FAIL",""),IF($BM3="K",IF(ABS(1-(ABS(BU5-BU3)/$BX5))>$BT$2,"FAIL",""),IF($BM2="K",IF(ABS(1-(ABS(BU5-BU2)/$BX5))>$BT$2,"FAIL",""),IF($BM1="K",IF(ABS(1-(ABS(BU5-BU1)/$BX5))>$BT$2,"FAIL",""),IF($BM6="K",IF(ABS(1-(ABS(BU5-BU6)/$BX5))>$BT$2,"FAIL",""),""))))),"")))))),"") | CO5: =IFERROR(IF($BM5="D",IF(ISNUMBER(VALUE(MID(LEFT($BL5,FIND("-LD",$BL5)-1),1,LEN($BL5)))),IF(AND($BW$2="ON",BV5<X$2,INDEX(N$5:N$999,MATCH(VALUE(MID(LEFT($BL5,FIND("-LD",$BL5)-1),1,LEN($BL5))),$C$5:$C$999,0))<X$2),"",IF(OR(((BV5-INDEX(N$5:N$999,MATCH(VALUE(MID(LEFT($BL5,FIND("-LD",$BL5)-1),1,LEN($BL5))),$C$5:$C$999,0)))/(AVERAGE(BV5,INDEX(N$5:N$999,MATCH(VALUE(MID(LEFT($BL5,FIND("-LD",$BL5)-1),1,LEN($BL5))),$C$5:$C$999,0)))))>IF(BV5>X$2,$BO$2,$BV$2),((BV5-INDEX(N$5:N$999,MATCH(VALUE(MID(LEFT($BL5,FIND("-LD",$BL5)-1),1,LEN($BL5))),$C$5:$C$999,0)))/(AVERAGE(BV5,INDEX(N$5:N$999,MATCH(VALUE(MID(LEFT($BL5,FIND("-LD",$BL5)-1),1,LEN($BL5))),$C$5:$C$999,0)))))<(IF(BV5>X$2,$BO$2,$BV$2)*-1)), "FAIL","")),IF(AND($BW$2="ON",BV5<X$2,INDEX(N$5:N$999,MATCH(MID(LEFT($BL5,FIND("-LD",$BL5)-1),1,LEN($BL5)),$C$5:$C$999,0))<X$2),"",IF(OR(((BV5-INDEX(N$5:N$999,MATCH(MID(LEFT($BL5,FIND("-LD",$BL5)-1),1,LEN($BL5)),$C$5:$C$999,0)))/(AVERAGE(BV5,INDEX(N$5:N$999,MATCH(MID(LEFT($BL5,FIND("-LD",$BL5)-1),1,LEN($BL5)),$C$5:$C$999,0)))))>IF(BV5>X$2,$BO$2,$BV$2),((BV5-INDEX(N$5:N$999,MATCH(MID(LEFT($BL5,FIND("-LD",$BL5)-1),1,LEN($BL5)),$C$5:$C$999,0)))/(AVERAGE(BV5,INDEX(N$5:N$999,MATCH(MID(LEFT($BL5,FIND("-LD",$BL5)-1),1,LEN($BL5)),$C$5:$C$999,0)))))<(IF(BV5>X$2,$BO$2,$BV$2)*-1)),"FAIL",""))),IF($BM5="K",IF(BV5>X$2*$BP$2,"FAIL",""),IF($BM5="M",IF(ABS(1-(BV5/IF($BX5=0,0.001,$BX5)))>IF(BV5>X$2,$BQ$2,$BV$2),IF(AND($BW$2="ON",BV5<X$2,$BX5<X$2),"","FAIL"),""),IF($BM5="Q",IF(ISNUMBER(SEARCH("IBC",$BL5)),IF(ABS(1-(BV5/$BX5))>$BU$2,"FAIL",""),IF(ABS(1-(BV5/$BX5))>$BR$2,"FAIL","")),IF($BM5="S",IF(ISNUMBER(VALUE(MID(LEFT($BL5,FIND("-LFSM",$BL5)-1),1,LEN($BL5)))),IF(ABS(1-((BV5-(INDEX(N$5:N$999,MATCH(VALUE(MID(LEFT($BL5,FIND("-LFSM",$BL5)-1),1,LEN($BL5))),$C$5:$C$999,0))))/$BX5))>IF(BV5>X$2,$BS$2,$BV$2),"FAIL",""),IF(ABS(1-((BV5-(INDEX(N$5:N$999,MATCH(MID(LEFT($BL5,FIND("-LFSM",$BL5)-1),1,LEN($BL5)),$C$5:$C$999,0))))/$BX5))>IF(BV5>X$2,$BS$2,$BV$2),"FAIL","")),IF($BM5="Z",IF($BM4="K",IF(ABS(1-(ABS(BV5-BV4)/$BX5))>$BT$2,"FAIL",""),IF($BM3="K",IF(ABS(1-(ABS(BV5-BV3)/$BX5))>$BT$2,"FAIL",""),IF($BM2="K",IF(ABS(1-(ABS(BV5-BV2)/$BX5))>$BT$2,"FAIL",""),IF($BM1="K",IF(ABS(1-(ABS(BV5-BV1)/$BX5))>$BT$2,"FAIL",""),IF($BM6="K",IF(ABS(1-(ABS(BV5-BV6)/$BX5))>$BT$2,"FAIL",""),""))))),"")))))),"") | CP5: =IFERROR(IF($BM5="D",IF(ISNUMBER(VALUE(MID(LEFT($BL5,FIND("-LD",$BL5)-1),1,LEN($BL5)))),IF(AND($BW$2="ON",BW5<Y$2,INDEX(O$5:O$999,MATCH(VALUE(MID(LEFT($BL5,FIND("-LD",$BL5)-1),1,LEN($BL5))),$C$5:$C$999,0))<Y$2),"",IF(OR(((BW5-INDEX(O$5:O$999,MATCH(VALUE(MID(LEFT($BL5,FIND("-LD",$BL5)-1),1,LEN($BL5))),$C$5:$C$999,0)))/(AVERAGE(BW5,INDEX(O$5:O$999,MATCH(VALUE(MID(LEFT($BL5,FIND("-LD",$BL5)-1),1,LEN($BL5))),$C$5:$C$999,0)))))>IF(BW5>Y$2,$BO$2,$BV$2),((BW5-INDEX(O$5:O$999,MATCH(VALUE(MID(LEFT($BL5,FIND("-LD",$BL5)-1),1,LEN($BL5))),$C$5:$C$999,0)))/(AVERAGE(BW5,INDEX(O$5:O$999,MATCH(VALUE(MID(LEFT($BL5,FIND("-LD",$BL5)-1),1,LEN($BL5))),$C$5:$C$999,0)))))<(IF(BW5>Y$2,$BO$2,$BV$2)*-1)), "FAIL","")),IF(AND($BW$2="ON",BW5<Y$2,INDEX(O$5:O$999,MATCH(MID(LEFT($BL5,FIND("-LD",$BL5)-1),1,LEN($BL5)),$C$5:$C$999,0))<Y$2),"",IF(OR(((BW5-INDEX(O$5:O$999,MATCH(MID(LEFT($BL5,FIND("-LD",$BL5)-1),1,LEN($BL5)),$C$5:$C$999,0)))/(AVERAGE(BW5,INDEX(O$5:O$999,MATCH(MID(LEFT($BL5,FIND("-LD",$BL5)-1),1,LEN($BL5)),$C$5:$C$999,0)))))>IF(BW5>Y$2,$BO$2,$BV$2),((BW5-INDEX(O$5:O$999,MATCH(MID(LEFT($BL5,FIND("-LD",$BL5)-1),1,LEN($BL5)),$C$5:$C$999,0)))/(AVERAGE(BW5,INDEX(O$5:O$999,MATCH(MID(LEFT($BL5,FIND("-LD",$BL5)-1),1,LEN($BL5)),$C$5:$C$999,0)))))<(IF(BW5>Y$2,$BO$2,$BV$2)*-1)),"FAIL",""))),IF($BM5="K",IF(BW5>Y$2*$BP$2,"FAIL",""),IF($BM5="M",IF(ABS(1-(BW5/IF($BX5=0,0.001,$BX5)))>IF(BW5>Y$2,$BQ$2,$BV$2),IF(AND($BW$2="ON",BW5<Y$2,$BX5<Y$2),"","FAIL"),""),IF($BM5="Q",IF(ISNUMBER(SEARCH("IBC",$BL5)),IF(ABS(1-(BW5/$BX5))>$BU$2,"FAIL",""),IF(ABS(1-(BW5/$BX5))>$BR$2,"FAIL","")),IF($BM5="S",IF(ISNUMBER(VALUE(MID(LEFT($BL5,FIND("-LFSM",$BL5)-1),1,LEN($BL5)))),IF(ABS(1-((BW5-(INDEX(O$5:O$999,MATCH(VALUE(MID(LEFT($BL5,FIND("-LFSM",$BL5)-1),1,LEN($BL5))),$C$5:$C$999,0))))/$BX5))>IF(BW5>Y$2,$BS$2,$BV$2),"FAIL",""),IF(ABS(1-((BW5-(INDEX(O$5:O$999,MATCH(MID(LEFT($BL5,FIND("-LFSM",$BL5)-1),1,LEN($BL5)),$C$5:$C$999,0))))/$BX5))>IF(BW5>Y$2,$BS$2,$BV$2),"FAIL","")),IF($BM5="Z",IF($BM4="K",IF(ABS(1-(ABS(BW5-BW4)/$BX5))>$BT$2,"FAIL",""),IF($BM3="K",IF(ABS(1-(ABS(BW5-BW3)/$BX5))>$BT$2,"FAIL",""),IF($BM2="K",IF(ABS(1-(ABS(BW5-BW2)/$BX5))>$BT$2,"FAIL",""),IF($BM1="K",IF(ABS(1-(ABS(BW5-BW1)/$BX5))>$BT$2,"FAIL",""),IF($BM6="K",IF(ABS(1-(ABS(BW5-BW6)/$BX5))>$BT$2,"FAIL",""),""))))),"")))))),"")
A6: =IF(LEN($C6)=0,"",A5+1) -> 2 | B6: =IFERROR(IF(LEN(C6)=0,"",VLOOKUP($C6,INDIRECT("'"&$G$2&"'!"&"$A$1:$ZZ$999"),MATCH("Sample Acquisition Date",INDIRECT("'"&$G$2&"'!"&"A"&$I$2&":ZZ"&$I$2&""),0),FALSE)),"") -> 44944.458 | C6: =IFERROR(INDIRECT("'"&$G$2&"'!"&"A"&$I$2+MATCH(ROW($C6)-ROW($C$5),$D$5:$D$999,0)),"") -> AB-230117-02 Cal Std 1 1 | D6: =IF(INDIRECT("'"&$G$2&"'!"&ADDRESS($I$2+ROW($C6)-ROW($C$4),MATCH("Sample Acquisition Date",INDIRECT("'"&$G$2&"'!"&"$A"&$I$2&":$ZZ"&$I$2),0),4))=0,"",COUNTIF(INDIRECT("'"&$G$2&"'!"&ADDRESS($I$2+1,MATCH("Sample Acquisition Date",INDIRECT("'"&$G$2&"'!"&"$A"&$I$2&":$ZZ"&$I$2),0),4)&":"&ADDRESS($I$2+$N$2,MATCH("Sample Acquisition Date",INDIRECT("'"&$G$2&"'!"&"$A"&$I$2&":$ZZ"&$I$2),0),4)),"<"&INDIRECT("'"&$G$2&"'!"&ADDRESS($I$2+ROW($C6)-ROW($C$4),MATCH("Sample Acquisition Date",INDIRECT("'"&$G$2&"'!"&"$A"&$I$2&":$ZZ"&$I$2),0),4)))) -> 1 | E6: =IF($F6="QC",IF(ISNUMBER(SEARCH("LRB",$C6)),"K",IF(ISNUMBER(SEARCH("LFB",$C6)),"Z",IF(ISNUMBER(SEARCH("LD",$C6)),"D",IF(ISNUMBER(SEARCH("CCC",$C6)),"Q",IF(ISNUMBER(SEARCH("QCS",$C6)),"Q",IF(ISNUMBER(SEARCH("IBC",$C6)),"Q",IF(ISNUMBER(SEARCH("LFSM",$C6)),IF(ISNUMBER(SEARCH("DI",$C6)),"Z","S"),"M"))))))),IF(LEN($C6)=0,"","U")) -> M | F6: =IF(AND(ISERR(SEARCH("LFSM",C6,1)),ISERR(SEARCH("Cal",C6,1)),ISERR(SEARCH("LFB",C6,1)),ISERR(SEARCH("LRB",C6,1)),ISERR(SEARCH("LD",C6,1)),ISERR(SEARCH("DI",C6,1)),ISERR(SEARCH("CCC",C6,1)),ISERR(SEARCH("QCS",C6,1)),ISERR(SEARCH("IBC",C6,1))),"","QC") -> QC | G6: =IF(LEN($C6)=0,"",IF(VLOOKUP($C6,INDIRECT("'"&$G$2&"'!"&"$A$1:$ZZ$999"),MATCH(Q$1,INDIRECT("'"&$G$2&"'!"&"A"&$I$2&":ZZ"&$I$2&""),0),FALSE)="N/F",0,VLOOKUP($C6,INDIRECT("'"&$G$2&"'!"&"$A$1:$ZZ$999"),MATCH(Q$1,INDIRECT("'"&$G$2&"'!"&"A"&$I$2&":ZZ"&$I$2&""),0),FALSE))) -> 0 | H6: =IF(LEN($C6)=0,"",IF(VLOOKUP($C6,INDIRECT("'"&$G$2&"'!"&"$A$1:$ZZ$999"),MATCH(R$1,INDIRECT("'"&$G$2&"'!"&"A"&$I$2&":ZZ"&$I$2&""),0),FALSE)="N/F",0,VLOOKUP($C6,INDIRECT("'"&$G$2&"'!"&"$A$1:$ZZ$999"),MATCH(R$1,INDIRECT("'"&$G$2&"'!"&"A"&$I$2&":ZZ"&$I$2&""),0),FALSE))) -> #N/A | I6: =IF(LEN($C6)=0,"",IF(VLOOKUP($C6,INDIRECT("'"&$G$2&"'!"&"$A$1:$ZZ$999"),MATCH(S$1,INDIRECT("'"&$G$2&"'!"&"A"&$I$2&":ZZ"&$I$2&""),0),FALSE)="N/F",0,VLOOKUP($C6,INDIRECT("'"&$G$2&"'!"&"$A$1:$ZZ$999"),MATCH(S$1,INDIRECT("'"&$G$2&"'!"&"A"&$I$2&":ZZ"&$I$2&""),0),FALSE))) -> 1.078 | J6: =IF(LEN($C6)=0,"",IF(VLOOKUP($C6,INDIRECT("'"&$G$2&"'!"&"$A$1:$ZZ$999"),MATCH(T$1,INDIRECT("'"&$G$2&"'!"&"A"&$I$2&":ZZ"&$I$2&""),0),FALSE)="N/F",0,VLOOKUP($C6,INDIRECT("'"&$G$2&"'!"&"$A$1:$ZZ$999"),MATCH(T$1,INDIRECT("'"&$G$2&"'!"&"A"&$I$2&":ZZ"&$I$2&""),0),FALSE))) -> 1.415 | K6: =IF(LEN($C6)=0,"",IF(VLOOKUP($C6,INDIRECT("'"&$G$2&"'!"&"$A$1:$ZZ$999"),MATCH(U$1,INDIRECT("'"&$G$2&"'!"&"A"&$I$2&":ZZ"&$I$2&""),0),FALSE)="N/F",0,VLOOKUP($C6,INDIRECT("'"&$G$2&"'!"&"$A$1:$ZZ$999"),MATCH(U$1,INDIRECT("'"&$G$2&"'!"&"A"&$I$2&":ZZ"&$I$2&""),0),FALSE))) -> #N/A | L6: =IF(LEN($C6)=0,"",IF(VLOOKUP($C6,INDIRECT("'"&$G$2&"'!"&"$A$1:$ZZ$999"),MATCH(V$1,INDIRECT("'"&$G$2&"'!"&"A"&$I$2&":ZZ"&$I$2&""),0),FALSE)="N/F",0,VLOOKUP($C6,INDIRECT("'"&$G$2&"'!"&"$A$1:$ZZ$999"),MATCH(V$1,INDIRECT("'"&$G$2&"'!"&"A"&$I$2&":ZZ"&$I$2&""),0),FALSE))) -> 1.437 | M6: =IF(LEN($C6)=0,"",IF(VLOOKUP($C6,INDIRECT("'"&$G$2&"'!"&"$A$1:$ZZ$999"),MATCH(W$1,INDIRECT("'"&$G$2&"'!"&"A"&$I$2&":ZZ"&$I$2&""),0),FALSE)="N/F",0,VLOOKUP($C6,INDIRECT("'"&$G$2&"'!"&"$A$1:$ZZ$999"),MATCH(W$1,INDIRECT("'"&$G$2&"'!"&"A"&$I$2&":ZZ"&$I$2&""),0),FALSE))) -> 1.368 | N6: =IF(LEN($C6)=0,"",IF(VLOOKUP($C6,INDIRECT("'"&$G$2&"'!"&"$A$1:$ZZ$999"),MATCH(X$1,INDIRECT("'"&$G$2&"'!"&"A"&$I$2&":ZZ"&$I$2&""),0),FALSE)="N/F",0,VLOOKUP($C6,INDIRECT("'"&$G$2&"'!"&"$A$1:$ZZ$999"),MATCH(X$1,INDIRECT("'"&$G$2&"'!"&"A"&$I$2&":ZZ"&$I$2&""),0),FALSE))) -> #N/A | O6: =IF(LEN($C6)=0,"",IF(VLOOKUP($C6,INDIRECT("'"&$G$2&"'!"&"$A$1:$ZZ$999"),MATCH(Y$1,INDIRECT("'"&$G$2&"'!"&"A"&$I$2&":ZZ"&$I$2&""),0),FALSE)="N/F",0,VLOOKUP($C6,INDIRECT("'"&$G$2&"'!"&"$A$1:$ZZ$999"),MATCH(Y$1,INDIRECT("'"&$G$2&"'!"&"A"&$I$2&":ZZ"&$I$2&""),0),FALSE))) -> 1.325 | P6: =IF(LEN(C6)=0,"",IFERROR(VALUE(IF(ISNUMBER(FIND("d",C6)),IF(ISNUMBER(VALUE(MID(C6,FIND("d",C6)+1,1))),IF(ISNUMBER(FIND("-",C6,FIND("d",C6)+1)),IF(ISNUMBER(FIND("_",C6,FIND("d",C6)+1)),IF(FIND("-",C6,FIND("d",C6)+1)<FIND("_",C6,FIND("d",C6)+1),MID(LEFT(C6,FIND("-",C6,FIND("d",C6)+1)-1),FIND("d",C6)+1,LEN(C6)),MID(LEFT(C6,FIND("_",C6,FIND("d",C6)+1)-1),FIND("d",C6)+1,LEN(C6))),MID(LEFT(C6,FIND("-",C6,FIND("d",C6)+1)-1),FIND("d",C6)+1,LEN(C6))),IF(ISNUMBER(FIND("_",C6,FIND("d",C6)+1)),MID(LEFT(C6,FIND("_",C6,FIND("d",C6)+1)-1),FIND("d",C6)+1,LEN(C6)),MID(C6,FIND("d",C6)+1,LEN(C6)))),IF(ISNUMBER(FIND("-",C6,FIND("d",C6)+2)),IF(ISNUMBER(FIND("_",C6,FIND("d",C6)+2)),IF(FIND("-",C6,FIND("d",C6)+2)<FIND("_",C6,FIND("d",C6)+2),MID(LEFT(C6,FIND("-",C6,FIND("d",C6)+2)-1),FIND("d",C6)+2,LEN(C6)),MID(LEFT(C6,FIND("_",C6,FIND("d",C6)+2)-1),FIND("d",C6)+2,LEN(C6))),MID(LEFT(C6,FIND("-",C6,FIND("d",C6)+2)-1),FIND("d",C6)+2,LEN(C6))),IF(ISNUMBER(FIND("_",C6,FIND("d",C6)+2)),MID(LEFT(C6,FIND("_",C6,FIND("d",C6)+2)-1),FIND("d",C6)+2,LEN(C6)),MID(C6,FIND("d",C6)+2,LEN(C6))))),1)),1)) -> 1 | Q6: =IF(LEN($C6)=0,"",IF($E6="M",INDEX(G$5:G$999,MATCH($C6,$C$5:$C$999,0))*$P6,IF(INDEX(G$5:G$999,MATCH($C6,$C$5:$C$999,0))>Q$2,INDEX(G$5:G$999,MATCH($C6,$C$5:$C$999,0))*$P6,"<MRL"))) -> 0 | R6: =IF(LEN($C6)=0,"",IF($E6="M",INDEX(H$5:H$999,MATCH($C6,$C$5:$C$999,0))*$P6,IF(INDEX(H$5:H$999,MATCH($C6,$C$5:$C$999,0))>R$2,INDEX(H$5:H$999,MATCH($C6,$C$5:$C$999,0))*$P6,"<MRL"))) -> #N/A | S6: =IF(LEN($C6)=0,"",IF($E6="M",INDEX(I$5:I$999,MATCH($C6,$C$5:$C$999,0))*$P6,IF(INDEX(I$5:I$999,MATCH($C6,$C$5:$C$999,0))>S$2,INDEX(I$5:I$999,MATCH($C6,$C$5:$C$999,0))*$P6,"<MRL"))) -> 1.078 | T6: =IF(LEN($C6)=0,"",IF($E6="M",INDEX(J$5:J$999,MATCH($C6,$C$5:$C$999,0))*$P6,IF(INDEX(J$5:J$999,MATCH($C6,$C$5:$C$999,0))>T$2,INDEX(J$5:J$999,MATCH($C6,$C$5:$C$999,0))*$P6,"<MRL"))) -> 1.415 | U6: =IF(LEN($C6)=0,"",IF($E6="M",INDEX(K$5:K$999,MATCH($C6,$C$5:$C$999,0))*$P6,IF(INDEX(K$5:K$999,MATCH($C6,$C$5:$C$999,0))>U$2,INDEX(K$5:K$999,MATCH($C6,$C$5:$C$999,0))*$P6,"<MRL"))) -> #N/A | V6: =IF(LEN($C6)=0,"",IF($E6="M",INDEX(L$5:L$999,MATCH($C6,$C$5:$C$999,0))*$P6,IF(INDEX(L$5:L$999,MATCH($C6,$C$5:$C$999,0))>V$2,INDEX(L$5:L$999,MATCH($C6,$C$5:$C$999,0))*$P6,"<MRL"))) -> 1.437 | W6: =IF(LEN($C6)=0,"",IF($E6="M",INDEX(M$5:M$999,MATCH($C6,$C$5:$C$999,0))*$P6,IF(INDEX(M$5:M$999,MATCH($C6,$C$5:$C$999,0))>W$2,INDEX(M$5:M$999,MATCH($C6,$C$5:$C$999,0))*$P6,"<MRL"))) -> 1.368 | X6: =IF(LEN($C6)=0,"",IF($E6="M",INDEX(N$5:N$999,MATCH($C6,$C$5:$C$999,0))*$P6,IF(INDEX(N$5:N$999,MATCH($C6,$C$5:$C$999,0))>X$2,INDEX(N$5:N$999,MATCH($C6,$C$5:$C$999,0))*$P6,"<MRL"))) -> #N/A | Y6: =IF(LEN($C6)=0,"",IF($E6="M",INDEX(O$5:O$999,MATCH($C6,$C$5:$C$999,0))*$P6,IF(INDEX(O$5:O$999,MATCH($C6,$C$5:$C$999,0))>Y$2,INDEX(O$5:O$999,MATCH($C6,$C$5:$C$999,0))*$P6,"<MRL"))) -> 1.325 | Z6: =IF(LEN($C6)=0,"",IF(LEN(AA6)=0,"NA",IF(LEN(AB6)=0,"NA",IF(AA6="NA",IF(ISNUMBER(VALUE(IF(ISNUMBER(SEARCH("_",AB6,1)),REPLACE(AB6,SEARCH("_",AB6),1,"."),AB6))),VALUE(IF(ISNUMBER(SEARCH("_",AB6,1)),REPLACE(AB6,SEARCH("_",AB6),1,"."),AB6)),IF(ISNUMBER(SEARCH("_",AB6,1)),REPLACE(AB6,SEARCH("_",AB6),1,"."),AB6)),IF(ISNUMBER(VALUE(IF(ISNUMBER(SEARCH("_",AA6,1)),REPLACE(AA6,SEARCH("_",AA6),1,"."),AA6))),VALUE(IF(ISNUMBER(SEARCH("_",AA6,1)),REPLACE(AA6,SEARCH("_",AA6),1,"."),AA6)),IF(ISNUMBER(SEARCH("_",AA6,1)),REPLACE(AA6,SEARCH("_",AA6),1,"."),AA6)))))) -> Std 1 1 | AA6: =IF(ISNUMBER(SEARCH("Cal",C6)),IF(ISNUMBER(VALUE(MID(C6,SEARCH("Cal",C6)+3,1))),IF(ISNUMBER(FIND("-",C6,SEARCH("Cal",C6)+4)),IF(ISNUMBER(FIND("_",C6,SEARCH("Cal",C6)+4)),IF(FIND("-",C6,SEARCH("Cal",C6)+4)<FIND("_",C6,SEARCH("Cal",C6)+4),MID(LEFT(C6,FIND("-",C6,SEARCH("Cal",C6)+4)-1),SEARCH("Cal",C6)+3,8),IF(AND(MID(C6,SEARCH("Cal",C6)+3,1)="0",ISNUMBER(VALUE(MID(C6,SEARCH("Cal",C6)+5,1)))),IF(ISNUMBER(FIND("-",C6,SEARCH("Cal",C6)+5)),MID(LEFT(C6,FIND("-",C6,SEARCH("Cal",C6)+5)-1),SEARCH("Cal",C6)+3,8),MID(LEFT(C6,FIND("_",C6,SEARCH("Cal",C6)+5)-1),SEARCH("Cal",C6)+3,8)),MID(LEFT(C6,FIND("_",C6,SEARCH("Cal",C6)+4)-1),SEARCH("Cal",C6)+3,8))),MID(LEFT(C6,FIND("-",C6,SEARCH("Cal",C6)+4)-1),SEARCH("Cal",C6)+3,8)),IF(ISNUMBER(FIND("_",C6,SEARCH("Cal",C6)+4)),IF(AND(MID(C6,SEARCH("Cal",C6)+3,1)="0",ISNUMBER(VALUE(MID(C6,SEARCH("Cal",C6)+5,1)))),IF(ISNUMBER(FIND("_",C6,SEARCH("Cal",C6)+5)),MID(LEFT(C6,FIND("_",C6,SEARCH("Cal",C6)+5)-1),SEARCH("Cal",C6)+3,8),MID(C6,SEARCH("Cal",C6)+3,8)),MID(LEFT(C6,FIND("_",C6,SEARCH("Cal",C6)+4)-1),SEARCH("Cal",C6)+3,8)),MID(C6,SEARCH("Cal",C6)+3,8))),IF(ISNUMBER(FIND("-",C6,SEARCH("Cal",C6)+5)),IF(ISNUMBER(FIND("_",C6,SEARCH("Cal",C6)+5)),IF(FIND("-",C6,SEARCH("Cal",C6)+5)<FIND("_",C6,SEARCH("Cal",C6)+5),MID(LEFT(C6,FIND("-",C6,SEARCH("Cal",C6)+5)-1),SEARCH("Cal",C6)+4,8),IF(AND(MID(C6,SEARCH("Cal",C6)+4,1)="0",ISNUMBER(VALUE(MID(C6,SEARCH("Cal",C6)+6,1)))),IF(ISNUMBER(FIND("-",C6,SEARCH("Cal",C6)+6)),MID(LEFT(C6,FIND("-",C6,SEARCH("Cal",C6)+6)-1),SEARCH("Cal",C6)+4,8),MID(LEFT(C6,FIND("_",C6,SEARCH("Cal",C6)+6)-1),SEARCH("Cal",C6)+4,8)),MID(LEFT(C6,FIND("_",C6,SEARCH("Cal",C6)+5)-1),SEARCH("Cal",C6)+4,8))),MID(LEFT(C6,FIND("-",C6,SEARCH("Cal",C6)+5)-1),SEARCH("Cal",C6)+4,8)),IF(ISNUMBER(FIND("_",C6,SEARCH("Cal",C6)+5)),IF(AND(MID(C6,SEARCH("Cal",C6)+4,1)="0",ISNUMBER(VALUE(MID(C6,SEARCH("Cal",C6)+6,1)))),IF(ISNUMBER(FIND("_",C6,SEARCH("Cal",C6)+6)),MID(LEFT(C6,FIND("_",C6,SEARCH("Cal",C6)+6)-1),SEARCH("Cal",C6)+4,8),MID(C6,SEARCH("Cal",C6)+4,8)),MID(LEFT(C6,FIND("_",C6,SEARCH("Cal",C6)+5)-1),SEARCH("Cal",C6)+4,8)),MID(C6,SEARCH("Cal",C6)+4,8)))),IF(ISNUMBER(SEARCH("ppt",C6)),IF(ISNUMBER(VALUE(MID(C6,SEARCH("ppt",C6)-1,1))),IF(ISNUMBER(FIND("-",LEFT(C6,SEARCH("ppt",C6)-1),SEARCH("ppt",C6)-5)),IF(ISNUMBER(FIND("_",LEFT(C6,SEARCH("ppt",C6)-1),SEARCH("ppt",C6)-5)),IF(FIND("-",LEFT(C6,SEARCH("ppt",C6)-1),SEARCH("ppt",C6)-5)>FIND("_",LEFT(C6,SEARCH("ppt",C6)-1),SEARCH("ppt",C6)-5),MID(LEFT(C6,SEARCH("ppt",C6)-1),FIND("-",LEFT(C6,SEARCH("ppt",C6)-1),SEARCH("ppt",C6)-5)+1,8),MID(LEFT(C6,SEARCH("ppt",C6)-1),FIND("_",LEFT(C6,SEARCH("ppt",C6)-1),SEARCH("ppt",C6)-5)+1,8)),MID(LEFT(C6,SEARCH("ppt",C6)-1),FIND("-",LEFT(C6,SEARCH("ppt",C6)-1),SEARCH("ppt",C6)-5)+1,8)),IF(ISNUMBER(FIND("_",LEFT(C6,SEARCH("ppt",C6)-1),SEARCH("ppt",C6)-5)),MID(LEFT(C6,SEARCH("ppt",C6)-1),FIND("_",LEFT(C6,SEARCH("ppt",C6)-2),SEARCH("ppt",C6)-5)+1,8),MID(LEFT(C6,SEARCH("ppt",C6)-1),1,8))),IF(ISNUMBER(FIND("-",LEFT(C6,SEARCH("ppt",C6)-2),SEARCH("ppt",C6)-6)),IF(ISNUMBER(FIND("_",LEFT(C6,SEARCH("ppt",C6)-2),SEARCH("ppt",C6)-6)),IF(FIND("-",LEFT(C6,SEARCH("ppt",C6)-2),SEARCH("ppt",C6)-6)>FIND("_",LEFT(C6,SEARCH("ppt",C6)-2),SEARCH("ppt",C6)-6),MID(LEFT(C6,SEARCH("ppt",C6)-2),FIND("-",LEFT(C6,SEARCH("ppt",C6)-2),SEARCH("ppt",C6)-6)+1,8),MID(LEFT(C6,SEARCH("ppt",C6)-2),FIND("_",LEFT(C6,SEARCH("ppt",C6)-2),SEARCH("ppt",C6)-6)+1,8)),MID(LEFT(C6,SEARCH("ppt",C6)-2),FIND("-",LEFT(C6,SEARCH("ppt",C6)-2),SEARCH("ppt",C6)-6)+1,8)),IF(ISNUMBER(FIND("_",LEFT(C6,SEARCH("ppt",C6)-2),SEARCH("ppt",C6)-6)),MID(LEFT(C6,SEARCH("ppt",C6)-2),FIND("_",LEFT(C6,SEARCH("ppt",C6)-3),SEARCH("ppt",C6)-6)+1,8),MID(LEFT(C6,SEARCH("ppt",C6)-2),1,8)))),IF(ISNUMBER(SEARCH("LFB",C6)),IF(ISNUMBER(VALUE(MID(C6,SEARCH("LFB",C6)+3,1))),IF(ISNUMBER(FIND("-",C6,SEARCH("LFB",C6)+4)),IF(ISNUMBER(FIND("_",C6,SEARCH("LFB",C6)+4)),IF(FIND("-",C6,SEARCH("LFB",C6)+4)<FIND("_",C6,SEARCH("LFB",C6)+4),MID(LEFT(C6,FIND("-",C6,SEARCH("LFB",C6)+4)-1),SEARCH("LFB",C6)+3,8),IF(AND(MID(C6,SEARCH("LFB",C6)+3,1)="0",ISNUMBER(VALUE(MID(C6,SEARCH("LFB",C6)+5,1)))),IF(ISNUMBER(FIND("-",C6,SEARCH("LFB",C6)+5)),MID(LEFT(C6,FIND("-",C6,SEARCH("LFB",C6)+5)-1),SEARCH("LFB",C6)+3,8),MID(LEFT(C6,FIND("_",C6,SEARCH("LFB",C6)+5)-1),SEARCH("LFB",C6)+3,8)),MID(LEFT(C6,FIND("_",C6,SEARCH("LFB",C6)+4)-1),SEARCH("LFB",C6)+3,8))),MID(LEFT(C6,FIND("-",C6,SEARCH("LFB",C6)+4)-1),SEARCH("LFB",C6)+3,8)),IF(ISNUMBER(FIND("_",C6,SEARCH("LFB",C6)+4)),IF(AND(MID(C6,SEARCH("LFB",C6)+3,1)="0",ISNUMBER(VALUE(MID(C6,SEARCH("LFB",C6)+5,1)))),IF(ISNUMBER(FIND("_",C6,SEARCH("LFB",C6)+5)),MID(LEFT(C6,FIND("_",C6,SEARCH("LFB",C6)+5)-1),SEARCH("LFB",C6)+3,8),MID(C6,SEARCH("LFB",C6)+3,8)),MID(LEFT(C6,FIND("_",C6,SEARCH("LFB",C6)+4)-1),SEARCH("LFB",C6)+3,8)),MID(C6,SEARCH("LFB",C6)+3,8))),IF(ISNUMBER(FIND("-",C6,SEARCH("LFB",C6)+5)),IF(ISNUMBER(FIND("_",C6,SEARCH("LFB",C6)+5)),IF(FIND("-",C6,SEARCH("LFB",C6)+5)<FIND("_",C6,SEARCH("LFB",C6)+5),MID(LEFT(C6,FIND("-",C6,SEARCH("LFB",C6)+5)-1),SEARCH("LFB",C6)+4,8),IF(AND(MID(C6,SEARCH("LFB",C6)+4,1)="0",ISNUMBER(VALUE(MID(C6,SEARCH("LFB",C6)+6,1)))),IF(ISNUMBER(FIND("-",C6,SEARCH("LFB",C6)+6)),MID(LEFT(C6,FIND("-",C6,SEARCH("LFB",C6)+6)-1),SEARCH("LFB",C6)+4,8),MID(LEFT(C6,FIND("_",C6,SEARCH("LFB",C6)+6)-1),SEARCH("LFB",C6)+4,8)),MID(LEFT(C6,FIND("_",C6,SEARCH("LFB",C6)+5)-1),SEARCH("LFB",C6)+4,8))),MID(LEFT(C6,FIND("-",C6,SEARCH("LFB",C6)+5)-1),SEARCH("LFB",C6)+4,8)),IF(ISNUMBER(FIND("_",C6,SEARCH("LFB",C6)+5)),IF(AND(MID(C6,SEARCH("LFB",C6)+4,1)="0",ISNUMBER(VALUE(MID(C6,SEARCH("LFB",C6)+6,1)))),IF(ISNUMBER(FIND("_",C6,SEARCH("LFB",C6)+6)),MID(LEFT(C6,FIND("_",C6,SEARCH("LFB",C6)+6)-1),SEARCH("LFB",C6)+4,8),MID(C6,SEARCH("LFB",C6)+4,8)),MID(LEFT(C6,FIND("_",C6,SEARCH("LFB",C6)+5)-1),SEARCH("LFB",C6)+4,8)),MID(C6,SEARCH("LFB",C6)+4,8)))),IF(ISNUMBER(SEARCH("CCC",C6)),IF(ISNUMBER(VALUE(MID(C6,SEARCH("CCC",C6)-1,1))),IF(ISNUMBER(FIND("-",LEFT(C6,SEARCH("CCC",C6)-1),SEARCH("CCC",C6)-5)),IF(ISNUMBER(FIND("_",LEFT(C6,SEARCH("CCC",C6)-1),SEARCH("CCC",C6)-5)),IF(FIND("-",LEFT(C6,SEARCH("CCC",C6)-1),SEARCH("CCC",C6)-5)>FIND("_",LEFT(C6,SEARCH("CCC",C6)-1),SEARCH("CCC",C6)-5),MID(LEFT(C6,SEARCH("CCC",C6)-1),FIND("-",LEFT(C6,SEARCH("CCC",C6)-1),SEARCH("CCC",C6)-5)+1,8),MID(LEFT(C6,SEARCH("CCC",C6)-1),FIND("_",LEFT(C6,SEARCH("CCC",C6)-1),SEARCH("CCC",C6)-5)+1,8)),MID(LEFT(C6,SEARCH("CCC",C6)-1),FIND("-",LEFT(C6,SEARCH("CCC",C6)-1),SEARCH("CCC",C6)-5)+1,8)),IF(ISNUMBER(FIND("_",LEFT(C6,SEARCH("CCC",C6)-1),SEARCH("CCC",C6)-5)),MID(LEFT(C6,SEARCH("CCC",C6)-1),FIND("_",LEFT(C6,SEARCH("CCC",C6)-1),SEARCH("CCC",C6)-5)+1,8),MID(LEFT(C6,SEARCH("CCC",C6)-1),1,8))),IF(ISNUMBER(FIND("-",LEFT(C6,SEARCH("CCC",C6)-2),SEARCH("CCC",C6)-6)),IF(ISNUMBER(FIND("_",LEFT(C6,SEARCH("CCC",C6)-2),SEARCH("CCC",C6)-6)),IF(FIND("-",LEFT(C6,SEARCH("CCC",C6)-2),SEARCH("CCC",C6)-6)>FIND("_",LEFT(C6,SEARCH("CCC",C6)-2),SEARCH("CCC",C6)-6),MID(LEFT(C6,SEARCH("CCC",C6)-2),FIND("-",LEFT(C6,SEARCH("CCC",C6)-2),SEARCH("CCC",C6)-6)+1,8),MID(LEFT(C6,SEARCH("CCC",C6)-2),FIND("_",LEFT(C6,SEARCH("CCC",C6)-2),SEARCH("CCC",C6)-6)+1,8)),MID(LEFT(C6,SEARCH("CCC",C6)-2),FIND("-",LEFT(C6,SEARCH("CCC",C6)-2),SEARCH("CCC",C6)-6)+1,8)),IF(ISNUMBER(FIND("_",LEFT(C6,SEARCH("CCC",C6)-2),SEARCH("CCC",C6)-6)),MID(LEFT(C6,SEARCH("CCC",C6)-2),FIND("_",LEFT(C6,SEARCH("CCC",C6)-2),SEARCH("CCC",C6)-6)+1,8),MID(LEFT(C6,SEARCH("CCC",C6)-2),1,8)))),"NA")))) -> Std 1 1 | AB6: =IF(ISNUMBER(SEARCH("LFSM",C6)),IF(ISNUMBER(VALUE(MID(C6,SEARCH("LFSM",C6)+4,1))),IF(ISNUMBER(FIND("-",C6,SEARCH("LFSM",C6)+5)),IF(ISNUMBER(FIND("_",C6,SEARCH("LFSM",C6)+5)),IF(FIND("-",C6,SEARCH("LFSM",C6)+5)<FIND("_",C6,SEARCH("LFSM",C6)+5),MID(LEFT(C6,FIND("-",C6,SEARCH("LFSM",C6)+5)-1),SEARCH("LFSM",C6)+4,8),IF(AND(MID(C6,SEARCH("LFSM",C6)+4,1)="0",ISNUMBER(VALUE(MID(C6,SEARCH("LFSM",C6)+6,1)))),IF(ISNUMBER(FIND("-",C6,SEARCH("LFSM",C6)+6)),MID(LEFT(C6,FIND("-",C6,SEARCH("LFSM",C6)+6)-1),SEARCH("LFSM",C6)+4,8),MID(LEFT(C6,FIND("_",C6,SEARCH("LFSM",C6)+6)-1),SEARCH("LFSM",C6)+4,8)),MID(LEFT(C6,FIND("_",C6,SEARCH("LFSM",C6)+5)-1),SEARCH("LFSM",C6)+4,8))),MID(LEFT(C6,FIND("-",C6,SEARCH("LFSM",C6)+5)-1),SEARCH("LFSM",C6)+4,8)),IF(ISNUMBER(FIND("_",C6,SEARCH("LFSM",C6)+5)),IF(AND(MID(C6,SEARCH("LFSM",C6)+4,1)="0",ISNUMBER(VALUE(MID(C6,SEARCH("LFSM",C6)+6,1)))),IF(ISNUMBER(FIND("_",C6,SEARCH("LFSM",C6)+6)),MID(LEFT(C6,FIND("_",C6,SEARCH("LFSM",C6)+6)-1),SEARCH("LFSM",C6)+4,8),MID(C6,SEARCH("LFSM",C6)+4,8)),MID(LEFT(C6,FIND("_",C6,SEARCH("LFSM",C6)+5)-1),SEARCH("LFSM",C6)+4,8)),MID(C6,SEARCH("LFSM",C6)+4,8))),IF(ISNUMBER(FIND("-",C6,SEARCH("LFSM",C6)+6)),IF(ISNUMBER(FIND("_",C6,SEARCH("LFSM",C6)+6)),IF(FIND("-",C6,SEARCH("LFSM",C6)+6)<FIND("_",C6,SEARCH("LFSM",C6)+6),MID(LEFT(C6,FIND("-",C6,SEARCH("LFSM",C6)+6)-1),SEARCH("LFSM",C6)+5,8),IF(AND(MID(C6,SEARCH("LFSM",C6)+5,1)="0",ISNUMBER(VALUE(MID(C6,SEARCH("LFSM",C6)+7,1)))),IF(ISNUMBER(FIND("-",C6,SEARCH("LFSM",C6)+7)),MID(LEFT(C6,FIND("-",C6,SEARCH("LFSM",C6)+7)-1),SEARCH("LFSM",C6)+5,8),MID(LEFT(C6,FIND("_",C6,SEARCH("LFSM",C6)+7)-1),SEARCH("LFSM",C6)+5,8)),MID(LEFT(C6,FIND("_",C6,SEARCH("LFSM",C6)+6)-1),SEARCH("LFSM",C6)+5,8))),MID(LEFT(C6,FIND("-",C6,SEARCH("LFSM",C6)+6)-1),SEARCH("LFSM",C6)+5,8)),IF(ISNUMBER(FIND("_",C6,SEARCH("LFSM",C6)+6)),IF(AND(MID(C6,SEARCH("LFSM",C6)+5,1)="0",ISNUMBER(VALUE(MID(C6,SEARCH("LFSM",C6)+7,1)))),IF(ISNUMBER(FIND("_",C6,SEARCH("LFSM",C6)+7)),MID(LEFT(C6,FIND("_",C6,SEARCH("LFSM",C6)+7)-1),SEARCH("LFSM",C6)+5,8),MID(C6,SEARCH("LFSM",C6)+5,8)),MID(LEFT(C6,FIND("_",C6,SEARCH("LFSM",C6)+6)-1),SEARCH("LFSM",C6)+5,8)),MID(C6,SEARCH("LFSM",C6)+5,8)))),IF(AND(ISNUMBER(SEARCH("QCS",C6)),NOT(ISNUMBER(SEARCH("ppt",C6)))),IF(ISNUMBER(VALUE(MID(C6,SEARCH("QCS",C6)+3,1))),IF(ISNUMBER(FIND("-",C6,SEARCH("QCS",C6)+4)),IF(ISNUMBER(FIND("_",C6,SEARCH("QCS",C6)+4)),IF(FIND("-",C6,SEARCH("QCS",C6)+4)<FIND("_",C6,SEARCH("QCS",C6)+4),MID(LEFT(C6,FIND("-",C6,SEARCH("QCS",C6)+4)-1),SEARCH("QCS",C6)+3,8),IF(AND(MID(C6,SEARCH("QCS",C6)+3,1)="0",ISNUMBER(VALUE(MID(C6,SEARCH("QCS",C6)+5,1)))),IF(ISNUMBER(FIND("-",C6,SEARCH("QCS",C6)+5)),MID(LEFT(C6,FIND("-",C6,SEARCH("QCS",C6)+5)-1),SEARCH("QCS",C6)+3,8),MID(LEFT(C6,FIND("_",C6,SEARCH("QCS",C6)+5)-1),SEARCH("QCS",C6)+3,8)),MID(LEFT(C6,FIND("_",C6,SEARCH("QCS",C6)+4)-1),SEARCH("QCS",C6)+3,8))),MID(LEFT(C6,FIND("-",C6,SEARCH("QCS",C6)+4)-1),SEARCH("QCS",C6)+3,8)),IF(ISNUMBER(FIND("_",C6,SEARCH("QCS",C6)+4)),IF(AND(MID(C6,SEARCH("QCS",C6)+3,1)="0",ISNUMBER(VALUE(MID(C6,SEARCH("QCS",C6)+5,1)))),IF(ISNUMBER(FIND("_",C6,SEARCH("QCS",C6)+5)),MID(LEFT(C6,FIND("_",C6,SEARCH("QCS",C6)+5)-1),SEARCH("QCS",C6)+3,8),MID(C6,SEARCH("QCS",C6)+3,8)),MID(LEFT(C6,FIND("_",C6,SEARCH("QCS",C6)+4)-1),SEARCH("QCS",C6)+3,8)),MID(C6,SEARCH("QCS",C6)+3,8))),IF(ISNUMBER(FIND("-",C6,SEARCH("QCS",C6)+5)),IF(ISNUMBER(FIND("_",C6,SEARCH("QCS",C6)+5)),IF(FIND("-",C6,SEARCH("QCS",C6)+5)<FIND("_",C6,SEARCH("QCS",C6)+5),MID(LEFT(C6,FIND("-",C6,SEARCH("QCS",C6)+5)-1),SEARCH("QCS",C6)+4,8),IF(AND(MID(C6,SEARCH("QCS",C6)+4,1)="0",ISNUMBER(VALUE(MID(C6,SEARCH("QCS",C6)+6,1)))),IF(ISNUMBER(FIND("-",C6,SEARCH("QCS",C6)+6)),MID(LEFT(C6,FIND("-",C6,SEARCH("QCS",C6)+6)-1),SEARCH("QCS",C6)+4,8),MID(LEFT(C6,FIND("_",C6,SEARCH("QCS",C6)+6)-1),SEARCH("QCS",C6)+4,8)),MID(LEFT(C6,FIND("_",C6,SEARCH("QCS",C6)+5)-1),SEARCH("QCS",C6)+4,8))),MID(LEFT(C6,FIND("-",C6,SEARCH("QCS",C6)+5)-1),SEARCH("QCS",C6)+4,8)),IF(ISNUMBER(FIND("_",C6,SEARCH("QCS",C6)+5)),IF(AND(MID(C6,SEARCH("QCS",C6)+4,1)="0",ISNUMBER(VALUE(MID(C6,SEARCH("QCS",C6)+6,1)))),IF(ISNUMBER(FIND("_",C6,SEARCH("QCS",C6)+6)),MID(LEFT(C6,FIND("_",C6,SEARCH("QCS",C6)+6)-1),SEARCH("QCS",C6)+4,8),MID(C6,SEARCH("QCS",C6)+4,8)),MID(LEFT(C6,FIND("_",C6,SEARCH("QCS",C6)+5)-1),SEARCH("QCS",C6)+4,8)),MID(C6,SEARCH("QCS",C6)+4,8)))),IF(AND(ISNUMBER(SEARCH("IBC",C6)),NOT(ISNUMBER(SEARCH("ppt",C6)))),IF(ISNUMBER(VALUE(MID(C6,SEARCH("IBC",C6)+3,1))),IF(ISNUMBER(FIND("-",C6,SEARCH("IBC",C6)+4)),IF(ISNUMBER(FIND("_",C6,SEARCH("IBC",C6)+4)),IF(FIND("-",C6,SEARCH("IBC",C6)+4)<FIND("_",C6,SEARCH("IBC",C6)+4),MID(LEFT(C6,FIND("-",C6,SEARCH("IBC",C6)+4)-1),SEARCH("IBC",C6)+3,8),IF(AND(MID(C6,SEARCH("IBC",C6)+3,1)="0",ISNUMBER(VALUE(MID(C6,SEARCH("IBC",C6)+5,1)))),IF(ISNUMBER(FIND("-",C6,SEARCH("IBC",C6)+5)),MID(LEFT(C6,FIND("-",C6,SEARCH("IBC",C6)+5)-1),SEARCH("IBC",C6)+3,8),MID(LEFT(C6,FIND("_",C6,SEARCH("IBC",C6)+5)-1),SEARCH("IBC",C6)+3,8)),MID(LEFT(C6,FIND("_",C6,SEARCH("IBC",C6)+4)-1),SEARCH("IBC",C6)+3,8))),MID(LEFT(C6,FIND("-",C6,SEARCH("IBC",C6)+4)-1),SEARCH("IBC",C6)+3,8)),IF(ISNUMBER(FIND("_",C6,SEARCH("IBC",C6)+4)),IF(AND(MID(C6,SEARCH("IBC",C6)+3,1)="0",ISNUMBER(VALUE(MID(C6,SEARCH("IBC",C6)+5,1)))),IF(ISNUMBER(FIND("_",C6,SEARCH("IBC",C6)+5)),MID(LEFT(C6,FIND("_",C6,SEARCH("IBC",C6)+5)-1),SEARCH("IBC",C6)+3,8),MID(C6,SEARCH("IBC",C6)+3,8)),MID(LEFT(C6,FIND("_",C6,SEARCH("IBC",C6)+4)-1),SEARCH("IBC",C6)+3,8)),MID(C6,SEARCH("IBC",C6)+3,8))),IF(ISNUMBER(FIND("-",C6,SEARCH("IBC",C6)+5)),IF(ISNUMBER(FIND("_",C6,SEARCH("IBC",C6)+5)),IF(FIND("-",C6,SEARCH("IBC",C6)+5)<FIND("_",C6,SEARCH("IBC",C6)+5),MID(LEFT(C6,FIND("-",C6,SEARCH("IBC",C6)+5)-1),SEARCH("IBC",C6)+4,8),IF(AND(MID(C6,SEARCH("IBC",C6)+4,1)="0",ISNUMBER(VALUE(MID(C6,SEARCH("IBC",C6)+6,1)))),IF(ISNUMBER(FIND("-",C6,SEARCH("IBC",C6)+6)),MID(LEFT(C6,FIND("-",C6,SEARCH("IBC",C6)+6)-1),SEARCH("IBC",C6)+4,8),MID(LEFT(C6,FIND("_",C6,SEARCH("IBC",C6)+6)-1),SEARCH("IBC",C6)+4,8)),MID(LEFT(C6,FIND("_",C6,SEARCH("IBC",C6)+5)-1),SEARCH("IBC",C6)+4,8))),MID(LEFT(C6,FIND("-",C6,SEARCH("IBC",C6)+5)-1),SEARCH("IBC",C6)+4,8)),IF(ISNUMBER(FIND("_",C6,SEARCH("IBC",C6)+5)),IF(AND(MID(C6,SEARCH("IBC",C6)+4,1)="0",ISNUMBER(VALUE(MID(C6,SEARCH("IBC",C6)+6,1)))),IF(ISNUMBER(FIND("_",C6,SEARCH("IBC",C6)+6)),MID(LEFT(C6,FIND("_",C6,SEARCH("IBC",C6)+6)-1),SEARCH("IBC",C6)+4,8),MID(C6,SEARCH("IBC",C6)+4,8)),MID(LEFT(C6,FIND("_",C6,SEARCH("IBC",C6)+5)-1),SEARCH("IBC",C6)+4,8)),MID(C6,SEARCH("IBC",C6)+4,8)))),"NA"))) -> NA | AC6: =IF(LEN(E6)=0,"",IF(E6="M","Calib Std",IF(E6="K","Blank",IF(E6="D","Duplicate",IF(E6="Z","Blank Spike",IF(E6="S","Sample Spike",IF(E6="Q",IF(ISNUMBER(SEARCH("IBC",$C6)),"IBC",IF(ISNUMBER(SEARCH("QCS",$C6)),"QCS",IF(ISNUMBER(SEARCH("CCC",$C6)),"CCC"))),IF(E6="U","Unknown")))))))) -> Calib Std | AD6: =IFERROR(IF(AND(OR($E6="M",$E6="Q",$E6="S",$E6="Z"),NOT(ISNUMBER($Z6))),"No TrueV!",IF(AND(MAX($G6:$O6)>$Z$2,NOT($E6="M")),"UL!",IF($F6="QC",IF(OR(INDEX($CH$5:$CH$999,MATCH($C6,$BL$5:$BL$999,0))="FAIL",INDEX($CI$5:$CI$999,MATCH($C6,$BL$5:$BL$999,0))="FAIL",INDEX($CJ$5:$CJ$999,MATCH($C6,$BL$5:$BL$999,0))="FAIL",INDEX($CK$5:$CK$999,MATCH($C6,$BL$5:$BL$999,0))="FAIL",INDEX($CL$5:$CL$999,MATCH($C6,$BL$5:$BL$999,0))="FAIL",INDEX($CM$5:$CM$999,MATCH($C6,$BL$5:$BL$999,0))="FAIL",INDEX($CN$5:$CN$999,MATCH($C6,$BL$5:$BL$999,0))="FAIL",INDEX($CO$5:$CO$999,MATCH($C6,$BL$5:$BL$999,0))="FAIL",INDEX($CP$5:$CP$999,MATCH($C6,$BL$5:$BL$999,0))="FAIL"),"Check!",IF(INDEX($CQ$5:$CQ$999,MATCH($C6,$BL$5:$BL$999,0))="FAIL","No Match!",IF(ABS(VALUE($B6)-VALUE($K$2))>60,"Invalid Time!",""))),IF(ABS(VALUE($B6)-VALUE($K$2))>60,"Invalid Time!","")))),"") -> No TrueV! | AP6: IS2 | AQ6: R2 | AV6: =IFERROR(IF(LEN($C6)=0,"",IF(VLOOKUP($C6,INDIRECT("'"&$H$2&"'!"&"$A$1:$ZZ$999"),MATCH(AV$1,INDIRECT("'"&$H$2&"'!"&"A"&$J$2&":ZZ"&$J$2&""),0),FALSE)="N/F",0,VLOOKUP($C6,INDIRECT("'"&$H$2&"'!"&"$A$1:$ZZ$999"),MATCH(AV$1,INDIRECT("'"&$H$2&"'!"&"A"&$J$2&":ZZ"&$J$2&""),0),FALSE))),"") -> 374515 | AW6: =IFERROR(IF(LEN($C6)=0,"",IF(VLOOKUP($C6,INDIRECT("'"&$H$2&"'!"&"$A$1:$ZZ$999"),MATCH(AW$1,INDIRECT("'"&$H$2&"'!"&"A"&$J$2&":ZZ"&$J$2&""),0),FALSE)="N/F",0,VLOOKUP($C6,INDIRECT("'"&$H$2&"'!"&"$A$1:$ZZ$999"),MATCH(AW$1,INDIRECT("'"&$H$2&"'!"&"A"&$J$2&":ZZ"&$J$2&""),0),FALSE))),"") -> 474992 | AX6: =IFERROR(IF(LEN($C6)=0,"",IF(VLOOKUP($C6,INDIRECT("'"&$H$2&"'!"&"$A$1:$ZZ$999"),MATCH(AX$1,INDIRECT("'"&$H$2&"'!"&"A"&$J$2&":ZZ"&$J$2&""),0),FALSE)="N/F",0,VLOOKUP($C6,INDIRECT("'"&$H$2&"'!"&"$A$1:$ZZ$999"),MATCH(AX$1,INDIRECT("'"&$H$2&"'!"&"A"&$J$2&":ZZ"&$J$2&""),0),FALSE))),"") -> 1412490 | AY6: =IFERROR(IF(LEN($C6)=0,"",IF(VLOOKUP($C6,INDIRECT("'"&$H$2&"'!"&"$A$1:$ZZ$999"),MATCH(AY$1,INDIRECT("'"&$H$2&"'!"&"A"&$J$2&":ZZ"&$J$2&""),0),FALSE)="N/F",0,VLOOKUP($C6,INDIRECT("'"&$H$2&"'!"&"$A$1:$ZZ$999"),MATCH(AY$1,INDIRECT("'"&$H$2&"'!"&"A"&$J$2&":ZZ"&$J$2&""),0),FALSE))),"") -> 7254807 | AZ6: =IFERROR(IF(LEN($C6)=0,"",IF(VLOOKUP($C6,INDIRECT("'"&$H$2&"'!"&"$A$1:$ZZ$999"),MATCH(AZ$1,INDIRECT("'"&$H$2&"'!"&"A"&$J$2&":ZZ"&$J$2&""),0),FALSE)="N/F",0,VLOOKUP($C6,INDIRECT("'"&$H$2&"'!"&"$A$1:$ZZ$999"),MATCH(AZ$1,INDIRECT("'"&$H$2&"'!"&"A"&$J$2&":ZZ"&$J$2&""),0),FALSE))),"") -> 3721715 | BA6: =IFERROR(IF(LEN($C6)=0,"",IF(VLOOKUP($C6,INDIRECT("'"&$H$2&"'!"&"$A$1:$ZZ$999"),MATCH(BA$1,INDIRECT("'"&$H$2&"'!"&"A"&$J$2&":ZZ"&$J$2&""),0),FALSE)="N/F",0,VLOOKUP($C6,INDIRECT("'"&$H$2&"'!"&"$A$1:$ZZ$999"),MATCH(BA$1,INDIRECT("'"&$H$2&"'!"&"A"&$J$2&":ZZ"&$J$2&""),0),FALSE))),"") -> 31153664 | BB6: =IFERROR(IF(LEN($C6)=0,"",IF(VLOOKUP($C6,INDIRECT("'"&$H$2&"'!"&"$A$1:$ZZ$999"),MATCH(BB$1,INDIRECT("'"&$H$2&"'!"&"A"&$J$2&":ZZ"&$J$2&""),0),FALSE)="N/F",0,VLOOKUP($C6,INDIRECT("'"&$H$2&"'!"&"$A$1:$ZZ$999"),MATCH(BB$1,INDIRECT("'"&$H$2&"'!"&"A"&$J$2&":ZZ"&$J$2&""),0),FALSE))),"") -> 35852585 | BC6: =IFERROR(IF(LEN($C6)=0,"",IF(VLOOKUP($C6,INDIRECT("'"&$H$2&"'!"&"$A$1:$ZZ$999"),MATCH(BC$1,INDIRECT("'"&$H$2&"'!"&"A"&$J$2&":ZZ"&$J$2&""),0),FALSE)="N/F",0,VLOOKUP($C6,INDIRECT("'"&$H$2&"'!"&"$A$1:$ZZ$999"),MATCH(BC$1,INDIRECT("'"&$H$2&"'!"&"A"&$J$2&":ZZ"&$J$2&""),0),FALSE))),"") -> 4544352 | BD6: =IFERROR(IF(LEN($C6)=0,"",IF(VLOOKUP($C6,INDIRECT("'"&$H$2&"'!"&"$A$1:$ZZ$999"),MATCH(BD$1,INDIRECT("'"&$H$2&"'!"&"A"&$J$2&":ZZ"&$J$2&""),0),FALSE)="N/F",0,VLOOKUP($C6,INDIRECT("'"&$H$2&"'!"&"$A$1:$ZZ$999"),MATCH(BD$1,INDIRECT("'"&$H$2&"'!"&"A"&$J$2&":ZZ"&$J$2&""),0),FALSE))),"") -> 40439150 | BF6: =IF(OR($E6="M",$E6="Q"),COUNTIF($B$5:$B$999,"<="&$B6),"") -> 2 | BG6: =IF(OR($E6="K",$E6="Z"),COUNTIF($B$5:$B$999,"<="&$B6),"") | BH6: =IF($E6="D",COUNTIF($B$5:$B$999,"<="&$B6),"") | BI6: =IF($E6="S",COUNTIF($B$5:$B$999,"<="&$B6),"") | BK6: =IF(LEN($BL6)=0,"",INDEX($A$5:$A$999,MATCH($BL6,$C$5:$C$999,0))) -> 2 | BL6: =IFERROR(INDEX($C$5:$C$999,MATCH(SMALL($BF$5:$BF$999,ROWS($BL$5:$BL6)),$BF$5:$BF$999,0)),"") -> AB-230117-02 Cal Std 1 1 | BM6: =IF(LEN($BL6)=0,"",INDEX($E$5:$E$999,MATCH($BL6,$C$5:$C$999,0))) -> M | BN6: =IF(LEN($BL6)=0,"",INDEX(P$5:P$999,MATCH($BL6,$C$5:$C$999,0))) -> 1 | BO6: =IF(LEN($BL6)=0,"",INDEX(G$5:G$999,MATCH($BL6,$C$5:$C$999,0))) -> 0 | BP6: =IF(LEN($BL6)=0,"",INDEX(H$5:H$999,MATCH($BL6,$C$5:$C$999,0))) -> #N/A | BQ6: =IF(LEN($BL6)=0,"",INDEX(I$5:I$999,MATCH($BL6,$C$5:$C$999,0))) -> 1.078 | BR6: =IF(LEN($BL6)=0,"",INDEX(J$5:J$999,MATCH($BL6,$C$5:$C$999,0))) -> 1.415 | BS6: =IF(LEN($BL6)=0,"",INDEX(K$5:K$999,MATCH($BL6,$C$5:$C$999,0))) -> #N/A | BT6: =IF(LEN($BL6)=0,"",INDEX(L$5:L$999,MATCH($BL6,$C$5:$C$999,0))) -> 1.437 | BU6: =IF(LEN($BL6)=0,"",INDEX(M$5:M$999,MATCH($BL6,$C$5:$C$999,0))) -> 1.368 | BV6: =IF(LEN($BL6)=0,"",INDEX(N$5:N$999,MATCH($BL6,$C$5:$C$999,0))) -> #N/A | BW6: =IF(LEN($BL6)=0,"",INDEX(O$5:O$999,MATCH($BL6,$C$5:$C$999,0))) -> 1.325 | BX6: =IF(LEN($BL6)=0,"",INDEX($Z$5:$Z$999,MATCH($BL6,$C$5:$C$999,0))) -> Std 1 1 | BY6: =IFERROR(IF($BM6="D",IF(ISNUMBER(VALUE(MID(LEFT($BL6,FIND("-LD",$BL6)-1),1,LEN($BL6)))),IF(AND($BW$2="ON",BO6<Q$2,INDEX(G$5:G$999,MATCH(VALUE(MID(LEFT($BL6,FIND("-LD",$BL6)-1),1,LEN($BL6))),$C$5:$C$999,0))<Q$2),"<MRL",ABS((BO6-INDEX(G$5:G$999,MATCH(VALUE(MID(LEFT($BL6,FIND("-LD",$BL6)-1),1,LEN($BL6))),$C$5:$C$999,0)))/(AVERAGE(BO6,INDEX(G$5:G$999,MATCH(VALUE(MID(LEFT($BL6,FIND("-LD",$BL6)-1),1,LEN($BL6))),$C$5:$C$999,0)))))),IF(AND($BW$2="ON",BO6<Q$2,INDEX(G$5:G$999,MATCH(MID(LEFT($BL6,FIND("-LD",$BL6)-1),1,LEN($BL6)),$C$5:$C$999,0))<Q$2),"<MRL",ABS((BO6-INDEX(G$5:G$999,MATCH(MID(LEFT($BL6,FIND("-LD",$BL6)-1),1,LEN($BL6)),$C$5:$C$999,0)))/(AVERAGE(BO6,INDEX(G$5:G$999,MATCH(MID(LEFT($BL6,FIND("-LD",$BL6)-1),1,LEN($BL6)),$C$5:$C$999,0))))))),IF($BM6="K","",IF($BM6="M",IF(AND($BW$2="ON",BO6<Q$2,$BX6<Q$2),"<MRL",BO6/IF($BX6=0,1,$BX6)),IF($BM6="Q",BO6/$BX6,IF($BM6="S",IF(ISNUMBER(VALUE(MID(LEFT($BL6,FIND("-LFSM",$BL6)-1),1,LEN($BL6)))),(BO6-(INDEX(G$5:G$999,MATCH(VALUE(MID(LEFT($BL6,FIND("-LFSM",$BL6)-1),1,LEN($BL6))),$C$5:$C$999,0))))/$BX6,(BO6-(INDEX(G$5:G$999,MATCH(MID(LEFT($BL6,FIND("-LFSM",$BL6)-1),1,LEN($BL6)),$C$5:$C$999,0))))/$BX6),IF($BM6="Z",IF($BM5="K",ABS(BO6-BO5)/$BX6,IF($BM4="K",ABS(BO6-BO4)/$BX6,IF($BM3="K",ABS(BO6-BO3)/$BX6,IF($BM2="K",ABS(BO6-BO2)/$BX6,IF($BM7="K",ABS(BO6-BO7)/$BX6,""))))),"")))))),"") | BZ6: =IFERROR(IF($BM6="D",IF(ISNUMBER(VALUE(MID(LEFT($BL6,FIND("-LD",$BL6)-1),1,LEN($BL6)))),IF(AND($BW$2="ON",BP6<R$2,INDEX(H$5:H$999,MATCH(VALUE(MID(LEFT($BL6,FIND("-LD",$BL6)-1),1,LEN($BL6))),$C$5:$C$999,0))<R$2),"<MRL",ABS((BP6-INDEX(H$5:H$999,MATCH(VALUE(MID(LEFT($BL6,FIND("-LD",$BL6)-1),1,LEN($BL6))),$C$5:$C$999,0)))/(AVERAGE(BP6,INDEX(H$5:H$999,MATCH(VALUE(MID(LEFT($BL6,FIND("-LD",$BL6)-1),1,LEN($BL6))),$C$5:$C$999,0)))))),IF(AND($BW$2="ON",BP6<R$2,INDEX(H$5:H$999,MATCH(MID(LEFT($BL6,FIND("-LD",$BL6)-1),1,LEN($BL6)),$C$5:$C$999,0))<R$2),"<MRL",ABS((BP6-INDEX(H$5:H$999,MATCH(MID(LEFT($BL6,FIND("-LD",$BL6)-1),1,LEN($BL6)),$C$5:$C$999,0)))/(AVERAGE(BP6,INDEX(H$5:H$999,MATCH(MID(LEFT($BL6,FIND("-LD",$BL6)-1),1,LEN($BL6)),$C$5:$C$999,0))))))),IF($BM6="K","",IF($BM6="M",IF(AND($BW$2="ON",BP6<R$2,$BX6<R$2),"<MRL",BP6/IF($BX6=0,1,$BX6)),IF($BM6="Q",BP6/$BX6,IF($BM6="S",IF(ISNUMBER(VALUE(MID(LEFT($BL6,FIND("-LFSM",$BL6)-1),1,LEN($BL6)))),(BP6-(INDEX(H$5:H$999,MATCH(VALUE(MID(LEFT($BL6,FIND("-LFSM",$BL6)-1),1,LEN($BL6))),$C$5:$C$999,0))))/$BX6,(BP6-(INDEX(H$5:H$999,MATCH(MID(LEFT($BL6,FIND("-LFSM",$BL6)-1),1,LEN($BL6)),$C$5:$C$999,0))))/$BX6),IF($BM6="Z",IF($BM5="K",ABS(BP6-BP5)/$BX6,IF($BM4="K",ABS(BP6-BP4)/$BX6,IF($BM3="K",ABS(BP6-BP3)/$BX6,IF($BM2="K",ABS(BP6-BP2)/$BX6,IF($BM7="K",ABS(BP6-BP7)/$BX6,""))))),"")))))),"") | CA6: =IFERROR(IF($BM6="D",IF(ISNUMBER(VALUE(MID(LEFT($BL6,FIND("-LD",$BL6)-1),1,LEN($BL6)))),IF(AND($BW$2="ON",BQ6<S$2,INDEX(I$5:I$999,MATCH(VALUE(MID(LEFT($BL6,FIND("-LD",$BL6)-1),1,LEN($BL6))),$C$5:$C$999,0))<S$2),"<MRL",ABS((BQ6-INDEX(I$5:I$999,MATCH(VALUE(MID(LEFT($BL6,FIND("-LD",$BL6)-1),1,LEN($BL6))),$C$5:$C$999,0)))/(AVERAGE(BQ6,INDEX(I$5:I$999,MATCH(VALUE(MID(LEFT($BL6,FIND("-LD",$BL6)-1),1,LEN($BL6))),$C$5:$C$999,0)))))),IF(AND($BW$2="ON",BQ6<S$2,INDEX(I$5:I$999,MATCH(MID(LEFT($BL6,FIND("-LD",$BL6)-1),1,LEN($BL6)),$C$5:$C$999,0))<S$2),"<MRL",ABS((BQ6-INDEX(I$5:I$999,MATCH(MID(LEFT($BL6,FIND("-LD",$BL6)-1),1,LEN($BL6)),$C$5:$C$999,0)))/(AVERAGE(BQ6,INDEX(I$5:I$999,MATCH(MID(LEFT($BL6,FIND("-LD",$BL6)-1),1,LEN($BL6)),$C$5:$C$999,0))))))),IF($BM6="K","",IF($BM6="M",IF(AND($BW$2="ON",BQ6<S$2,$BX6<S$2),"<MRL",BQ6/IF($BX6=0,1,$BX6)),IF($BM6="Q",BQ6/$BX6,IF($BM6="S",IF(ISNUMBER(VALUE(MID(LEFT($BL6,FIND("-LFSM",$BL6)-1),1,LEN($BL6)))),(BQ6-(INDEX(I$5:I$999,MATCH(VALUE(MID(LEFT($BL6,FIND("-LFSM",$BL6)-1),1,LEN($BL6))),$C$5:$C$999,0))))/$BX6,(BQ6-(INDEX(I$5:I$999,MATCH(MID(LEFT($BL6,FIND("-LFSM",$BL6)-1),1,LEN($BL6)),$C$5:$C$999,0))))/$BX6),IF($BM6="Z",IF($BM5="K",ABS(BQ6-BQ5)/$BX6,IF($BM4="K",ABS(BQ6-BQ4)/$BX6,IF($BM3="K",ABS(BQ6-BQ3)/$BX6,IF($BM2="K",ABS(BQ6-BQ2)/$BX6,IF($BM7="K",ABS(BQ6-BQ7)/$BX6,""))))),"")))))),"") | CB6: =IFERROR(IF($BM6="D",IF(ISNUMBER(VALUE(MID(LEFT($BL6,FIND("-LD",$BL6)-1),1,LEN($BL6)))),IF(AND($BW$2="ON",BR6<T$2,INDEX(J$5:J$999,MATCH(VALUE(MID(LEFT($BL6,FIND("-LD",$BL6)-1),1,LEN($BL6))),$C$5:$C$999,0))<T$2),"<MRL",ABS((BR6-INDEX(J$5:J$999,MATCH(VALUE(MID(LEFT($BL6,FIND("-LD",$BL6)-1),1,LEN($BL6))),$C$5:$C$999,0)))/(AVERAGE(BR6,INDEX(J$5:J$999,MATCH(VALUE(MID(LEFT($BL6,FIND("-LD",$BL6)-1),1,LEN($BL6))),$C$5:$C$999,0)))))),IF(AND($BW$2="ON",BR6<T$2,INDEX(J$5:J$999,MATCH(MID(LEFT($BL6,FIND("-LD",$BL6)-1),1,LEN($BL6)),$C$5:$C$999,0))<T$2),"<MRL",ABS((BR6-INDEX(J$5:J$999,MATCH(MID(LEFT($BL6,FIND("-LD",$BL6)-1),1,LEN($BL6)),$C$5:$C$999,0)))/(AVERAGE(BR6,INDEX(J$5:J$999,MATCH(MID(LEFT($BL6,FIND("-LD",$BL6)-1),1,LEN($BL6)),$C$5:$C$999,0))))))),IF($BM6="K","",IF($BM6="M",IF(AND($BW$2="ON",BR6<T$2,$BX6<T$2),"<MRL",BR6/IF($BX6=0,1,$BX6)),IF($BM6="Q",BR6/$BX6,IF($BM6="S",IF(ISNUMBER(VALUE(MID(LEFT($BL6,FIND("-LFSM",$BL6)-1),1,LEN($BL6)))),(BR6-(INDEX(J$5:J$999,MATCH(VALUE(MID(LEFT($BL6,FIND("-LFSM",$BL6)-1),1,LEN($BL6))),$C$5:$C$999,0))))/$BX6,(BR6-(INDEX(J$5:J$999,MATCH(MID(LEFT($BL6,FIND("-LFSM",$BL6)-1),1,LEN($BL6)),$C$5:$C$999,0))))/$BX6),IF($BM6="Z",IF($BM5="K",ABS(BR6-BR5)/$BX6,IF($BM4="K",ABS(BR6-BR4)/$BX6,IF($BM3="K",ABS(BR6-BR3)/$BX6,IF($BM2="K",ABS(BR6-BR2)/$BX6,IF($BM7="K",ABS(BR6-BR7)/$BX6,""))))),"")))))),"") | CC6: =IFERROR(IF($BM6="D",IF(ISNUMBER(VALUE(MID(LEFT($BL6,FIND("-LD",$BL6)-1),1,LEN($BL6)))),IF(AND($BW$2="ON",BS6<U$2,INDEX(K$5:K$999,MATCH(VALUE(MID(LEFT($BL6,FIND("-LD",$BL6)-1),1,LEN($BL6))),$C$5:$C$999,0))<U$2),"<MRL",ABS((BS6-INDEX(K$5:K$999,MATCH(VALUE(MID(LEFT($BL6,FIND("-LD",$BL6)-1),1,LEN($BL6))),$C$5:$C$999,0)))/(AVERAGE(BS6,INDEX(K$5:K$999,MATCH(VALUE(MID(LEFT($BL6,FIND("-LD",$BL6)-1),1,LEN($BL6))),$C$5:$C$999,0)))))),IF(AND($BW$2="ON",BS6<U$2,INDEX(K$5:K$999,MATCH(MID(LEFT($BL6,FIND("-LD",$BL6)-1),1,LEN($BL6)),$C$5:$C$999,0))<U$2),"<MRL",ABS((BS6-INDEX(K$5:K$999,MATCH(MID(LEFT($BL6,FIND("-LD",$BL6)-1),1,LEN($BL6)),$C$5:$C$999,0)))/(AVERAGE(BS6,INDEX(K$5:K$999,MATCH(MID(LEFT($BL6,FIND("-LD",$BL6)-1),1,LEN($BL6)),$C$5:$C$999,0))))))),IF($BM6="K","",IF($BM6="M",IF(AND($BW$2="ON",BS6<U$2,$BX6<U$2),"<MRL",BS6/IF($BX6=0,1,$BX6)),IF($BM6="Q",BS6/$BX6,IF($BM6="S",IF(ISNUMBER(VALUE(MID(LEFT($BL6,FIND("-LFSM",$BL6)-1),1,LEN($BL6)))),(BS6-(INDEX(K$5:K$999,MATCH(VALUE(MID(LEFT($BL6,FIND("-LFSM",$BL6)-1),1,LEN($BL6))),$C$5:$C$999,0))))/$BX6,(BS6-(INDEX(K$5:K$999,MATCH(MID(LEFT($BL6,FIND("-LFSM",$BL6)-1),1,LEN($BL6)),$C$5:$C$999,0))))/$BX6),IF($BM6="Z",IF($BM5="K",ABS(BS6-BS5)/$BX6,IF($BM4="K",ABS(BS6-BS4)/$BX6,IF($BM3="K",ABS(BS6-BS3)/$BX6,IF($BM2="K",ABS(BS6-BS2)/$BX6,IF($BM7="K",ABS(BS6-BS7)/$BX6,""))))),"")))))),"") | CD6: =IFERROR(IF($BM6="D",IF(ISNUMBER(VALUE(MID(LEFT($BL6,FIND("-LD",$BL6)-1),1,LEN($BL6)))),IF(AND($BW$2="ON",BT6<V$2,INDEX(L$5:L$999,MATCH(VALUE(MID(LEFT($BL6,FIND("-LD",$BL6)-1),1,LEN($BL6))),$C$5:$C$999,0))<V$2),"<MRL",ABS((BT6-INDEX(L$5:L$999,MATCH(VALUE(MID(LEFT($BL6,FIND("-LD",$BL6)-1),1,LEN($BL6))),$C$5:$C$999,0)))/(AVERAGE(BT6,INDEX(L$5:L$999,MATCH(VALUE(MID(LEFT($BL6,FIND("-LD",$BL6)-1),1,LEN($BL6))),$C$5:$C$999,0)))))),IF(AND($BW$2="ON",BT6<V$2,INDEX(L$5:L$999,MATCH(MID(LEFT($BL6,FIND("-LD",$BL6)-1),1,LEN($BL6)),$C$5:$C$999,0))<V$2),"<MRL",ABS((BT6-INDEX(L$5:L$999,MATCH(MID(LEFT($BL6,FIND("-LD",$BL6)-1),1,LEN($BL6)),$C$5:$C$999,0)))/(AVERAGE(BT6,INDEX(L$5:L$999,MATCH(MID(LEFT($BL6,FIND("-LD",$BL6)-1),1,LEN($BL6)),$C$5:$C$999,0))))))),IF($BM6="K","",IF($BM6="M",IF(AND($BW$2="ON",BT6<V$2,$BX6<V$2),"<MRL",BT6/IF($BX6=0,1,$BX6)),IF($BM6="Q",BT6/$BX6,IF($BM6="S",IF(ISNUMBER(VALUE(MID(LEFT($BL6,FIND("-LFSM",$BL6)-1),1,LEN($BL6)))),(BT6-(INDEX(L$5:L$999,MATCH(VALUE(MID(LEFT($BL6,FIND("-LFSM",$BL6)-1),1,LEN($BL6))),$C$5:$C$999,0))))/$BX6,(BT6-(INDEX(L$5:L$999,MATCH(MID(LEFT($BL6,FIND("-LFSM",$BL6)-1),1,LEN($BL6)),$C$5:$C$999,0))))/$BX6),IF($BM6="Z",IF($BM5="K",ABS(BT6-BT5)/$BX6,IF($BM4="K",ABS(BT6-BT4)/$BX6,IF($BM3="K",ABS(BT6-BT3)/$BX6,IF($BM2="K",ABS(BT6-BT2)/$BX6,IF($BM7="K",ABS(BT6-BT7)/$BX6,""))))),"")))))),"") | CE6: =IFERROR(IF($BM6="D",IF(ISNUMBER(VALUE(MID(LEFT($BL6,FIND("-LD",$BL6)-1),1,LEN($BL6)))),IF(AND($BW$2="ON",BU6<W$2,INDEX(M$5:M$999,MATCH(VALUE(MID(LEFT($BL6,FIND("-LD",$BL6)-1),1,LEN($BL6))),$C$5:$C$999,0))<W$2),"<MRL",ABS((BU6-INDEX(M$5:M$999,MATCH(VALUE(MID(LEFT($BL6,FIND("-LD",$BL6)-1),1,LEN($BL6))),$C$5:$C$999,0)))/(AVERAGE(BU6,INDEX(M$5:M$999,MATCH(VALUE(MID(LEFT($BL6,FIND("-LD",$BL6)-1),1,LEN($BL6))),$C$5:$C$999,0)))))),IF(AND($BW$2="ON",BU6<W$2,INDEX(M$5:M$999,MATCH(MID(LEFT($BL6,FIND("-LD",$BL6)-1),1,LEN($BL6)),$C$5:$C$999,0))<W$2),"<MRL",ABS((BU6-INDEX(M$5:M$999,MATCH(MID(LEFT($BL6,FIND("-LD",$BL6)-1),1,LEN($BL6)),$C$5:$C$999,0)))/(AVERAGE(BU6,INDEX(M$5:M$999,MATCH(MID(LEFT($BL6,FIND("-LD",$BL6)-1),1,LEN($BL6)),$C$5:$C$999,0))))))),IF($BM6="K","",IF($BM6="M",IF(AND($BW$2="ON",BU6<W$2,$BX6<W$2),"<MRL",BU6/IF($BX6=0,1,$BX6)),IF($BM6="Q",BU6/$BX6,IF($BM6="S",IF(ISNUMBER(VALUE(MID(LEFT($BL6,FIND("-LFSM",$BL6)-1),1,LEN($BL6)))),(BU6-(INDEX(M$5:M$999,MATCH(VALUE(MID(LEFT($BL6,FIND("-LFSM",$BL6)-1),1,LEN($BL6))),$C$5:$C$999,0))))/$BX6,(BU6-(INDEX(M$5:M$999,MATCH(MID(LEFT($BL6,FIND("-LFSM",$BL6)-1),1,LEN($BL6)),$C$5:$C$999,0))))/$BX6),IF($BM6="Z",IF($BM5="K",ABS(BU6-BU5)/$BX6,IF($BM4="K",ABS(BU6-BU4)/$BX6,IF($BM3="K",ABS(BU6-BU3)/$BX6,IF($BM2="K",ABS(BU6-BU2)/$BX6,IF($BM7="K",ABS(BU6-BU7)/$BX6,""))))),"")))))),"") | CF6: =IFERROR(IF($BM6="D",IF(ISNUMBER(VALUE(MID(LEFT($BL6,FIND("-LD",$BL6)-1),1,LEN($BL6)))),IF(AND($BW$2="ON",BV6<X$2,INDEX(N$5:N$999,MATCH(VALUE(MID(LEFT($BL6,FIND("-LD",$BL6)-1),1,LEN($BL6))),$C$5:$C$999,0))<X$2),"<MRL",ABS((BV6-INDEX(N$5:N$999,MATCH(VALUE(MID(LEFT($BL6,FIND("-LD",$BL6)-1),1,LEN($BL6))),$C$5:$C$999,0)))/(AVERAGE(BV6,INDEX(N$5:N$999,MATCH(VALUE(MID(LEFT($BL6,FIND("-LD",$BL6)-1),1,LEN($BL6))),$C$5:$C$999,0)))))),IF(AND($BW$2="ON",BV6<X$2,INDEX(N$5:N$999,MATCH(MID(LEFT($BL6,FIND("-LD",$BL6)-1),1,LEN($BL6)),$C$5:$C$999,0))<X$2),"<MRL",ABS((BV6-INDEX(N$5:N$999,MATCH(MID(LEFT($BL6,FIND("-LD",$BL6)-1),1,LEN($BL6)),$C$5:$C$999,0)))/(AVERAGE(BV6,INDEX(N$5:N$999,MATCH(MID(LEFT($BL6,FIND("-LD",$BL6)-1),1,LEN($BL6)),$C$5:$C$999,0))))))),IF($BM6="K","",IF($BM6="M",IF(AND($BW$2="ON",BV6<X$2,$BX6<X$2),"<MRL",BV6/IF($BX6=0,1,$BX6)),IF($BM6="Q",BV6/$BX6,IF($BM6="S",IF(ISNUMBER(VALUE(MID(LEFT($BL6,FIND("-LFSM",$BL6)-1),1,LEN($BL6)))),(BV6-(INDEX(N$5:N$999,MATCH(VALUE(MID(LEFT($BL6,FIND("-LFSM",$BL6)-1),1,LEN($BL6))),$C$5:$C$999,0))))/$BX6,(BV6-(INDEX(N$5:N$999,MATCH(MID(LEFT($BL6,FIND("-LFSM",$BL6)-1),1,LEN($BL6)),$C$5:$C$999,0))))/$BX6),IF($BM6="Z",IF($BM5="K",ABS(BV6-BV5)/$BX6,IF($BM4="K",ABS(BV6-BV4)/$BX6,IF($BM3="K",ABS(BV6-BV3)/$BX6,IF($BM2="K",ABS(BV6-BV2)/$BX6,IF($BM7="K",ABS(BV6-BV7)/$BX6,""))))),"")))))),"") | CG6: =IFERROR(IF($BM6="D",IF(ISNUMBER(VALUE(MID(LEFT($BL6,FIND("-LD",$BL6)-1),1,LEN($BL6)))),IF(AND($BW$2="ON",BW6<Y$2,INDEX(O$5:O$999,MATCH(VALUE(MID(LEFT($BL6,FIND("-LD",$BL6)-1),1,LEN($BL6))),$C$5:$C$999,0))<Y$2),"<MRL",ABS((BW6-INDEX(O$5:O$999,MATCH(VALUE(MID(LEFT($BL6,FIND("-LD",$BL6)-1),1,LEN($BL6))),$C$5:$C$999,0)))/(AVERAGE(BW6,INDEX(O$5:O$999,MATCH(VALUE(MID(LEFT($BL6,FIND("-LD",$BL6)-1),1,LEN($BL6))),$C$5:$C$999,0)))))),IF(AND($BW$2="ON",BW6<Y$2,INDEX(O$5:O$999,MATCH(MID(LEFT($BL6,FIND("-LD",$BL6)-1),1,LEN($BL6)),$C$5:$C$999,0))<Y$2),"<MRL",ABS((BW6-INDEX(O$5:O$999,MATCH(MID(LEFT($BL6,FIND("-LD",$BL6)-1),1,LEN($BL6)),$C$5:$C$999,0)))/(AVERAGE(BW6,INDEX(O$5:O$999,MATCH(MID(LEFT($BL6,FIND("-LD",$BL6)-1),1,LEN($BL6)),$C$5:$C$999,0))))))),IF($BM6="K","",IF($BM6="M",IF(AND($BW$2="ON",BW6<Y$2,$BX6<Y$2),"<MRL",BW6/IF($BX6=0,1,$BX6)),IF($BM6="Q",BW6/$BX6,IF($BM6="S",IF(ISNUMBER(VALUE(MID(LEFT($BL6,FIND("-LFSM",$BL6)-1),1,LEN($BL6)))),(BW6-(INDEX(O$5:O$999,MATCH(VALUE(MID(LEFT($BL6,FIND("-LFSM",$BL6)-1),1,LEN($BL6))),$C$5:$C$999,0))))/$BX6,(BW6-(INDEX(O$5:O$999,MATCH(MID(LEFT($BL6,FIND("-LFSM",$BL6)-1),1,LEN($BL6)),$C$5:$C$999,0))))/$BX6),IF($BM6="Z",IF($BM5="K",ABS(BW6-BW5)/$BX6,IF($BM4="K",ABS(BW6-BW4)/$BX6,IF($BM3="K",ABS(BW6-BW3)/$BX6,IF($BM2="K",ABS(BW6-BW2)/$BX6,IF($BM7="K",ABS(BW6-BW7)/$BX6,""))))),"")))))),"") | CH6: =IFERROR(IF($BM6="D",IF(ISNUMBER(VALUE(MID(LEFT($BL6,FIND("-LD",$BL6)-1),1,LEN($BL6)))),IF(AND($BW$2="ON",BO6<Q$2,INDEX(G$5:G$999,MATCH(VALUE(MID(LEFT($BL6,FIND("-LD",$BL6)-1),1,LEN($BL6))),$C$5:$C$999,0))<Q$2),"",IF(OR(((BO6-INDEX(G$5:G$999,MATCH(VALUE(MID(LEFT($BL6,FIND("-LD",$BL6)-1),1,LEN($BL6))),$C$5:$C$999,0)))/(AVERAGE(BO6,INDEX(G$5:G$999,MATCH(VALUE(MID(LEFT($BL6,FIND("-LD",$BL6)-1),1,LEN($BL6))),$C$5:$C$999,0)))))>IF(BO6>Q$2,$BO$2,$BV$2),((BO6-INDEX(G$5:G$999,MATCH(VALUE(MID(LEFT($BL6,FIND("-LD",$BL6)-1),1,LEN($BL6))),$C$5:$C$999,0)))/(AVERAGE(BO6,INDEX(G$5:G$999,MATCH(VALUE(MID(LEFT($BL6,FIND("-LD",$BL6)-1),1,LEN($BL6))),$C$5:$C$999,0)))))<(IF(BO6>Q$2,$BO$2,$BV$2)*-1)), "FAIL","")),IF(AND($BW$2="ON",BO6<Q$2,INDEX(G$5:G$999,MATCH(MID(LEFT($BL6,FIND("-LD",$BL6)-1),1,LEN($BL6)),$C$5:$C$999,0))<Q$2),"",IF(OR(((BO6-INDEX(G$5:G$999,MATCH(MID(LEFT($BL6,FIND("-LD",$BL6)-1),1,LEN($BL6)),$C$5:$C$999,0)))/(AVERAGE(BO6,INDEX(G$5:G$999,MATCH(MID(LEFT($BL6,FIND("-LD",$BL6)-1),1,LEN($BL6)),$C$5:$C$999,0)))))>IF(BO6>Q$2,$BO$2,$BV$2),((BO6-INDEX(G$5:G$999,MATCH(MID(LEFT($BL6,FIND("-LD",$BL6)-1),1,LEN($BL6)),$C$5:$C$999,0)))/(AVERAGE(BO6,INDEX(G$5:G$999,MATCH(MID(LEFT($BL6,FIND("-LD",$BL6)-1),1,LEN($BL6)),$C$5:$C$999,0)))))<(IF(BO6>Q$2,$BO$2,$BV$2)*-1)),"FAIL",""))),IF($BM6="K",IF(BO6>Q$2*$BP$2,"FAIL",""),IF($BM6="M",IF(ABS(1-(BO6/IF($BX6=0,0.001,$BX6)))>IF(BO6>Q$2,$BQ$2,$BV$2),IF(AND($BW$2="ON",BO6<Q$2,$BX6<Q$2),"","FAIL"),""),IF($BM6="Q",IF(ISNUMBER(SEARCH("IBC",$BL6)),IF(ABS(1-(BO6/$BX6))>$BU$2,"FAIL",""),IF(ABS(1-(BO6/$BX6))>$BR$2,"FAIL","")),IF($BM6="S",IF(ISNUMBER(VALUE(MID(LEFT($BL6,FIND("-LFSM",$BL6)-1),1,LEN($BL6)))),IF(ABS(1-((BO6-(INDEX(G$5:G$999,MATCH(VALUE(MID(LEFT($BL6,FIND("-LFSM",$BL6)-1),1,LEN($BL6))),$C$5:$C$999,0))))/$BX6))>IF(BO6>Q$2,$BS$2,$BV$2),"FAIL",""),IF(ABS(1-((BO6-(INDEX(G$5:G$999,MATCH(MID(LEFT($BL6,FIND("-LFSM",$BL6)-1),1,LEN($BL6)),$C$5:$C$999,0))))/$BX6))>IF(BO6>Q$2,$BS$2,$BV$2),"FAIL","")),IF($BM6="Z",IF($BM5="K",IF(ABS(1-(ABS(BO6-BO5)/$BX6))>$BT$2,"FAIL",""),IF($BM4="K",IF(ABS(1-(ABS(BO6-BO4)/$BX6))>$BT$2,"FAIL",""),IF($BM3="K",IF(ABS(1-(ABS(BO6-BO3)/$BX6))>$BT$2,"FAIL",""),IF($BM2="K",IF(ABS(1-(ABS(BO6-BO2)/$BX6))>$BT$2,"FAIL",""),IF($BM7="K",IF(ABS(1-(ABS(BO6-BO7)/$BX6))>$BT$2,"FAIL",""),""))))),"")))))),"") | CI6: =IFERROR(IF($BM6="D",IF(ISNUMBER(VALUE(MID(LEFT($BL6,FIND("-LD",$BL6)-1),1,LEN($BL6)))),IF(AND($BW$2="ON",BP6<R$2,INDEX(H$5:H$999,MATCH(VALUE(MID(LEFT($BL6,FIND("-LD",$BL6)-1),1,LEN($BL6))),$C$5:$C$999,0))<R$2),"",IF(OR(((BP6-INDEX(H$5:H$999,MATCH(VALUE(MID(LEFT($BL6,FIND("-LD",$BL6)-1),1,LEN($BL6))),$C$5:$C$999,0)))/(AVERAGE(BP6,INDEX(H$5:H$999,MATCH(VALUE(MID(LEFT($BL6,FIND("-LD",$BL6)-1),1,LEN($BL6))),$C$5:$C$999,0)))))>IF(BP6>R$2,$BO$2,$BV$2),((BP6-INDEX(H$5:H$999,MATCH(VALUE(MID(LEFT($BL6,FIND("-LD",$BL6)-1),1,LEN($BL6))),$C$5:$C$999,0)))/(AVERAGE(BP6,INDEX(H$5:H$999,MATCH(VALUE(MID(LEFT($BL6,FIND("-LD",$BL6)-1),1,LEN($BL6))),$C$5:$C$999,0)))))<(IF(BP6>R$2,$BO$2,$BV$2)*-1)), "FAIL","")),IF(AND($BW$2="ON",BP6<R$2,INDEX(H$5:H$999,MATCH(MID(LEFT($BL6,FIND("-LD",$BL6)-1),1,LEN($BL6)),$C$5:$C$999,0))<R$2),"",IF(OR(((BP6-INDEX(H$5:H$999,MATCH(MID(LEFT($BL6,FIND("-LD",$BL6)-1),1,LEN($BL6)),$C$5:$C$999,0)))/(AVERAGE(BP6,INDEX(H$5:H$999,MATCH(MID(LEFT($BL6,FIND("-LD",$BL6)-1),1,LEN($BL6)),$C$5:$C$999,0)))))>IF(BP6>R$2,$BO$2,$BV$2),((BP6-INDEX(H$5:H$999,MATCH(MID(LEFT($BL6,FIND("-LD",$BL6)-1),1,LEN($BL6)),$C$5:$C$999,0)))/(AVERAGE(BP6,INDEX(H$5:H$999,MATCH(MID(LEFT($BL6,FIND("-LD",$BL6)-1),1,LEN($BL6)),$C$5:$C$999,0)))))<(IF(BP6>R$2,$BO$2,$BV$2)*-1)),"FAIL",""))),IF($BM6="K",IF(BP6>R$2*$BP$2,"FAIL",""),IF($BM6="M",IF(ABS(1-(BP6/IF($BX6=0,0.001,$BX6)))>IF(BP6>R$2,$BQ$2,$BV$2),IF(AND($BW$2="ON",BP6<R$2,$BX6<R$2),"","FAIL"),""),IF($BM6="Q",IF(ISNUMBER(SEARCH("IBC",$BL6)),IF(ABS(1-(BP6/$BX6))>$BU$2,"FAIL",""),IF(ABS(1-(BP6/$BX6))>$BR$2,"FAIL","")),IF($BM6="S",IF(ISNUMBER(VALUE(MID(LEFT($BL6,FIND("-LFSM",$BL6)-1),1,LEN($BL6)))),IF(ABS(1-((BP6-(INDEX(H$5:H$999,MATCH(VALUE(MID(LEFT($BL6,FIND("-LFSM",$BL6)-1),1,LEN($BL6))),$C$5:$C$999,0))))/$BX6))>IF(BP6>R$2,$BS$2,$BV$2),"FAIL",""),IF(ABS(1-((BP6-(INDEX(H$5:H$999,MATCH(MID(LEFT($BL6,FIND("-LFSM",$BL6)-1),1,LEN($BL6)),$C$5:$C$999,0))))/$BX6))>IF(BP6>R$2,$BS$2,$BV$2),"FAIL","")),IF($BM6="Z",IF($BM5="K",IF(ABS(1-(ABS(BP6-BP5)/$BX6))>$BT$2,"FAIL",""),IF($BM4="K",IF(ABS(1-(ABS(BP6-BP4)/$BX6))>$BT$2,"FAIL",""),IF($BM3="K",IF(ABS(1-(ABS(BP6-BP3)/$BX6))>$BT$2,"FAIL",""),IF($BM2="K",IF(ABS(1-(ABS(BP6-BP2)/$BX6))>$BT$2,"FAIL",""),IF($BM7="K",IF(ABS(1-(ABS(BP6-BP7)/$BX6))>$BT$2,"FAIL",""),""))))),"")))))),"") | CJ6: =IFERROR(IF($BM6="D",IF(ISNUMBER(VALUE(MID(LEFT($BL6,FIND("-LD",$BL6)-1),1,LEN($BL6)))),IF(AND($BW$2="ON",BQ6<S$2,INDEX(I$5:I$999,MATCH(VALUE(MID(LEFT($BL6,FIND("-LD",$BL6)-1),1,LEN($BL6))),$C$5:$C$999,0))<S$2),"",IF(OR(((BQ6-INDEX(I$5:I$999,MATCH(VALUE(MID(LEFT($BL6,FIND("-LD",$BL6)-1),1,LEN($BL6))),$C$5:$C$999,0)))/(AVERAGE(BQ6,INDEX(I$5:I$999,MATCH(VALUE(MID(LEFT($BL6,FIND("-LD",$BL6)-1),1,LEN($BL6))),$C$5:$C$999,0)))))>IF(BQ6>S$2,$BO$2,$BV$2),((BQ6-INDEX(I$5:I$999,MATCH(VALUE(MID(LEFT($BL6,FIND("-LD",$BL6)-1),1,LEN($BL6))),$C$5:$C$999,0)))/(AVERAGE(BQ6,INDEX(I$5:I$999,MATCH(VALUE(MID(LEFT($BL6,FIND("-LD",$BL6)-1),1,LEN($BL6))),$C$5:$C$999,0)))))<(IF(BQ6>S$2,$BO$2,$BV$2)*-1)), "FAIL","")),IF(AND($BW$2="ON",BQ6<S$2,INDEX(I$5:I$999,MATCH(MID(LEFT($BL6,FIND("-LD",$BL6)-1),1,LEN($BL6)),$C$5:$C$999,0))<S$2),"",IF(OR(((BQ6-INDEX(I$5:I$999,MATCH(MID(LEFT($BL6,FIND("-LD",$BL6)-1),1,LEN($BL6)),$C$5:$C$999,0)))/(AVERAGE(BQ6,INDEX(I$5:I$999,MATCH(MID(LEFT($BL6,FIND("-LD",$BL6)-1),1,LEN($BL6)),$C$5:$C$999,0)))))>IF(BQ6>S$2,$BO$2,$BV$2),((BQ6-INDEX(I$5:I$999,MATCH(MID(LEFT($BL6,FIND("-LD",$BL6)-1),1,LEN($BL6)),$C$5:$C$999,0)))/(AVERAGE(BQ6,INDEX(I$5:I$999,MATCH(MID(LEFT($BL6,FIND("-LD",$BL6)-1),1,LEN($BL6)),$C$5:$C$999,0)))))<(IF(BQ6>S$2,$BO$2,$BV$2)*-1)),"FAIL",""))),IF($BM6="K",IF(BQ6>S$2*$BP$2,"FAIL",""),IF($BM6="M",IF(ABS(1-(BQ6/IF($BX6=0,0.001,$BX6)))>IF(BQ6>S$2,$BQ$2,$BV$2),IF(AND($BW$2="ON",BQ6<S$2,$BX6<S$2),"","FAIL"),""),IF($BM6="Q",IF(ISNUMBER(SEARCH("IBC",$BL6)),IF(ABS(1-(BQ6/$BX6))>$BU$2,"FAIL",""),IF(ABS(1-(BQ6/$BX6))>$BR$2,"FAIL","")),IF($BM6="S",IF(ISNUMBER(VALUE(MID(LEFT($BL6,FIND("-LFSM",$BL6)-1),1,LEN($BL6)))),IF(ABS(1-((BQ6-(INDEX(I$5:I$999,MATCH(VALUE(MID(LEFT($BL6,FIND("-LFSM",$BL6)-1),1,LEN($BL6))),$C$5:$C$999,0))))/$BX6))>IF(BQ6>S$2,$BS$2,$BV$2),"FAIL",""),IF(ABS(1-((BQ6-(INDEX(I$5:I$999,MATCH(MID(LEFT($BL6,FIND("-LFSM",$BL6)-1),1,LEN($BL6)),$C$5:$C$999,0))))/$BX6))>IF(BQ6>S$2,$BS$2,$BV$2),"FAIL","")),IF($BM6="Z",IF($BM5="K",IF(ABS(1-(ABS(BQ6-BQ5)/$BX6))>$BT$2,"FAIL",""),IF($BM4="K",IF(ABS(1-(ABS(BQ6-BQ4)/$BX6))>$BT$2,"FAIL",""),IF($BM3="K",IF(ABS(1-(ABS(BQ6-BQ3)/$BX6))>$BT$2,"FAIL",""),IF($BM2="K",IF(ABS(1-(ABS(BQ6-BQ2)/$BX6))>$BT$2,"FAIL",""),IF($BM7="K",IF(ABS(1-(ABS(BQ6-BQ7)/$BX6))>$BT$2,"FAIL",""),""))))),"")))))),"") | CK6: =IFERROR(IF($BM6="D",IF(ISNUMBER(VALUE(MID(LEFT($BL6,FIND("-LD",$BL6)-1),1,LEN($BL6)))),IF(AND($BW$2="ON",BR6<T$2,INDEX(J$5:J$999,MATCH(VALUE(MID(LEFT($BL6,FIND("-LD",$BL6)-1),1,LEN($BL6))),$C$5:$C$999,0))<T$2),"",IF(OR(((BR6-INDEX(J$5:J$999,MATCH(VALUE(MID(LEFT($BL6,FIND("-LD",$BL6)-1),1,LEN($BL6))),$C$5:$C$999,0)))/(AVERAGE(BR6,INDEX(J$5:J$999,MATCH(VALUE(MID(LEFT($BL6,FIND("-LD",$BL6)-1),1,LEN($BL6))),$C$5:$C$999,0)))))>IF(BR6>T$2,$BO$2,$BV$2),((BR6-INDEX(J$5:J$999,MATCH(VALUE(MID(LEFT($BL6,FIND("-LD",$BL6)-1),1,LEN($BL6))),$C$5:$C$999,0)))/(AVERAGE(BR6,INDEX(J$5:J$999,MATCH(VALUE(MID(LEFT($BL6,FIND("-LD",$BL6)-1),1,LEN($BL6))),$C$5:$C$999,0)))))<(IF(BR6>T$2,$BO$2,$BV$2)*-1)), "FAIL","")),IF(AND($BW$2="ON",BR6<T$2,INDEX(J$5:J$999,MATCH(MID(LEFT($BL6,FIND("-LD",$BL6)-1),1,LEN($BL6)),$C$5:$C$999,0))<T$2),"",IF(OR(((BR6-INDEX(J$5:J$999,MATCH(MID(LEFT($BL6,FIND("-LD",$BL6)-1),1,LEN($BL6)),$C$5:$C$999,0)))/(AVERAGE(BR6,INDEX(J$5:J$999,MATCH(MID(LEFT($BL6,FIND("-LD",$BL6)-1),1,LEN($BL6)),$C$5:$C$999,0)))))>IF(BR6>T$2,$BO$2,$BV$2),((BR6-INDEX(J$5:J$999,MATCH(MID(LEFT($BL6,FIND("-LD",$BL6)-1),1,LEN($BL6)),$C$5:$C$999,0)))/(AVERAGE(BR6,INDEX(J$5:J$999,MATCH(MID(LEFT($BL6,FIND("-LD",$BL6)-1),1,LEN($BL6)),$C$5:$C$999,0)))))<(IF(BR6>T$2,$BO$2,$BV$2)*-1)),"FAIL",""))),IF($BM6="K",IF(BR6>T$2*$BP$2,"FAIL",""),IF($BM6="M",IF(ABS(1-(BR6/IF($BX6=0,0.001,$BX6)))>IF(BR6>T$2,$BQ$2,$BV$2),IF(AND($BW$2="ON",BR6<T$2,$BX6<T$2),"","FAIL"),""),IF($BM6="Q",IF(ISNUMBER(SEARCH("IBC",$BL6)),IF(ABS(1-(BR6/$BX6))>$BU$2,"FAIL",""),IF(ABS(1-(BR6/$BX6))>$BR$2,"FAIL","")),IF($BM6="S",IF(ISNUMBER(VALUE(MID(LEFT($BL6,FIND("-LFSM",$BL6)-1),1,LEN($BL6)))),IF(ABS(1-((BR6-(INDEX(J$5:J$999,MATCH(VALUE(MID(LEFT($BL6,FIND("-LFSM",$BL6)-1),1,LEN($BL6))),$C$5:$C$999,0))))/$BX6))>IF(BR6>T$2,$BS$2,$BV$2),"FAIL",""),IF(ABS(1-((BR6-(INDEX(J$5:J$999,MATCH(MID(LEFT($BL6,FIND("-LFSM",$BL6)-1),1,LEN($BL6)),$C$5:$C$999,0))))/$BX6))>IF(BR6>T$2,$BS$2,$BV$2),"FAIL","")),IF($BM6="Z",IF($BM5="K",IF(ABS(1-(ABS(BR6-BR5)/$BX6))>$BT$2,"FAIL",""),IF($BM4="K",IF(ABS(1-(ABS(BR6-BR4)/$BX6))>$BT$2,"FAIL",""),IF($BM3="K",IF(ABS(1-(ABS(BR6-BR3)/$BX6))>$BT$2,"FAIL",""),IF($BM2="K",IF(ABS(1-(ABS(BR6-BR2)/$BX6))>$BT$2,"FAIL",""),IF($BM7="K",IF(ABS(1-(ABS(BR6-BR7)/$BX6))>$BT$2,"FAIL",""),""))))),"")))))),"") | CL6: =IFERROR(IF($BM6="D",IF(ISNUMBER(VALUE(MID(LEFT($BL6,FIND("-LD",$BL6)-1),1,LEN($BL6)))),IF(AND($BW$2="ON",BS6<U$2,INDEX(K$5:K$999,MATCH(VALUE(MID(LEFT($BL6,FIND("-LD",$BL6)-1),1,LEN($BL6))),$C$5:$C$999,0))<U$2),"",IF(OR(((BS6-INDEX(K$5:K$999,MATCH(VALUE(MID(LEFT($BL6,FIND("-LD",$BL6)-1),1,LEN($BL6))),$C$5:$C$999,0)))/(AVERAGE(BS6,INDEX(K$5:K$999,MATCH(VALUE(MID(LEFT($BL6,FIND("-LD",$BL6)-1),1,LEN($BL6))),$C$5:$C$999,0)))))>IF(BS6>U$2,$BO$2,$BV$2),((BS6-INDEX(K$5:K$999,MATCH(VALUE(MID(LEFT($BL6,FIND("-LD",$BL6)-1),1,LEN($BL6))),$C$5:$C$999,0)))/(AVERAGE(BS6,INDEX(K$5:K$999,MATCH(VALUE(MID(LEFT($BL6,FIND("-LD",$BL6)-1),1,LEN($BL6))),$C$5:$C$999,0)))))<(IF(BS6>U$2,$BO$2,$BV$2)*-1)), "FAIL","")),IF(AND($BW$2="ON",BS6<U$2,INDEX(K$5:K$999,MATCH(MID(LEFT($BL6,FIND("-LD",$BL6)-1),1,LEN($BL6)),$C$5:$C$999,0))<U$2),"",IF(OR(((BS6-INDEX(K$5:K$999,MATCH(MID(LEFT($BL6,FIND("-LD",$BL6)-1),1,LEN($BL6)),$C$5:$C$999,0)))/(AVERAGE(BS6,INDEX(K$5:K$999,MATCH(MID(LEFT($BL6,FIND("-LD",$BL6)-1),1,LEN($BL6)),$C$5:$C$999,0)))))>IF(BS6>U$2,$BO$2,$BV$2),((BS6-INDEX(K$5:K$999,MATCH(MID(LEFT($BL6,FIND("-LD",$BL6)-1),1,LEN($BL6)),$C$5:$C$999,0)))/(AVERAGE(BS6,INDEX(K$5:K$999,MATCH(MID(LEFT($BL6,FIND("-LD",$BL6)-1),1,LEN($BL6)),$C$5:$C$999,0)))))<(IF(BS6>U$2,$BO$2,$BV$2)*-1)),"FAIL",""))),IF($BM6="K",IF(BS6>U$2*$BP$2,"FAIL",""),IF($BM6="M",IF(ABS(1-(BS6/IF($BX6=0,0.001,$BX6)))>IF(BS6>U$2,$BQ$2,$BV$2),IF(AND($BW$2="ON",BS6<U$2,$BX6<U$2),"","FAIL"),""),IF($BM6="Q",IF(ISNUMBER(SEARCH("IBC",$BL6)),IF(ABS(1-(BS6/$BX6))>$BU$2,"FAIL",""),IF(ABS(1-(BS6/$BX6))>$BR$2,"FAIL","")),IF($BM6="S",IF(ISNUMBER(VALUE(MID(LEFT($BL6,FIND("-LFSM",$BL6)-1),1,LEN($BL6)))),IF(ABS(1-((BS6-(INDEX(K$5:K$999,MATCH(VALUE(MID(LEFT($BL6,FIND("-LFSM",$BL6)-1),1,LEN($BL6))),$C$5:$C$999,0))))/$BX6))>IF(BS6>U$2,$BS$2,$BV$2),"FAIL",""),IF(ABS(1-((BS6-(INDEX(K$5:K$999,MATCH(MID(LEFT($BL6,FIND("-LFSM",$BL6)-1),1,LEN($BL6)),$C$5:$C$999,0))))/$BX6))>IF(BS6>U$2,$BS$2,$BV$2),"FAIL","")),IF($BM6="Z",IF($BM5="K",IF(ABS(1-(ABS(BS6-BS5)/$BX6))>$BT$2,"FAIL",""),IF($BM4="K",IF(ABS(1-(ABS(BS6-BS4)/$BX6))>$BT$2,"FAIL",""),IF($BM3="K",IF(ABS(1-(ABS(BS6-BS3)/$BX6))>$BT$2,"FAIL",""),IF($BM2="K",IF(ABS(1-(ABS(BS6-BS2)/$BX6))>$BT$2,"FAIL",""),IF($BM7="K",IF(ABS(1-(ABS(BS6-BS7)/$BX6))>$BT$2,"FAIL",""),""))))),"")))))),"") | CM6: =IFERROR(IF($BM6="D",IF(ISNUMBER(VALUE(MID(LEFT($BL6,FIND("-LD",$BL6)-1),1,LEN($BL6)))),IF(AND($BW$2="ON",BT6<V$2,INDEX(L$5:L$999,MATCH(VALUE(MID(LEFT($BL6,FIND("-LD",$BL6)-1),1,LEN($BL6))),$C$5:$C$999,0))<V$2),"",IF(OR(((BT6-INDEX(L$5:L$999,MATCH(VALUE(MID(LEFT($BL6,FIND("-LD",$BL6)-1),1,LEN($BL6))),$C$5:$C$999,0)))/(AVERAGE(BT6,INDEX(L$5:L$999,MATCH(VALUE(MID(LEFT($BL6,FIND("-LD",$BL6)-1),1,LEN($BL6))),$C$5:$C$999,0)))))>IF(BT6>V$2,$BO$2,$BV$2),((BT6-INDEX(L$5:L$999,MATCH(VALUE(MID(LEFT($BL6,FIND("-LD",$BL6)-1),1,LEN($BL6))),$C$5:$C$999,0)))/(AVERAGE(BT6,INDEX(L$5:L$999,MATCH(VALUE(MID(LEFT($BL6,FIND("-LD",$BL6)-1),1,LEN($BL6))),$C$5:$C$999,0)))))<(IF(BT6>V$2,$BO$2,$BV$2)*-1)), "FAIL","")),IF(AND($BW$2="ON",BT6<V$2,INDEX(L$5:L$999,MATCH(MID(LEFT($BL6,FIND("-LD",$BL6)-1),1,LEN($BL6)),$C$5:$C$999,0))<V$2),"",IF(OR(((BT6-INDEX(L$5:L$999,MATCH(MID(LEFT($BL6,FIND("-LD",$BL6)-1),1,LEN($BL6)),$C$5:$C$999,0)))/(AVERAGE(BT6,INDEX(L$5:L$999,MATCH(MID(LEFT($BL6,FIND("-LD",$BL6)-1),1,LEN($BL6)),$C$5:$C$999,0)))))>IF(BT6>V$2,$BO$2,$BV$2),((BT6-INDEX(L$5:L$999,MATCH(MID(LEFT($BL6,FIND("-LD",$BL6)-1),1,LEN($BL6)),$C$5:$C$999,0)))/(AVERAGE(BT6,INDEX(L$5:L$999,MATCH(MID(LEFT($BL6,FIND("-LD",$BL6)-1),1,LEN($BL6)),$C$5:$C$999,0)))))<(IF(BT6>V$2,$BO$2,$BV$2)*-1)),"FAIL",""))),IF($BM6="K",IF(BT6>V$2*$BP$2,"FAIL",""),IF($BM6="M",IF(ABS(1-(BT6/IF($BX6=0,0.001,$BX6)))>IF(BT6>V$2,$BQ$2,$BV$2),IF(AND($BW$2="ON",BT6<V$2,$BX6<V$2),"","FAIL"),""),IF($BM6="Q",IF(ISNUMBER(SEARCH("IBC",$BL6)),IF(ABS(1-(BT6/$BX6))>$BU$2,"FAIL",""),IF(ABS(1-(BT6/$BX6))>$BR$2,"FAIL","")),IF($BM6="S",IF(ISNUMBER(VALUE(MID(LEFT($BL6,FIND("-LFSM",$BL6)-1),1,LEN($BL6)))),IF(ABS(1-((BT6-(INDEX(L$5:L$999,MATCH(VALUE(MID(LEFT($BL6,FIND("-LFSM",$BL6)-1),1,LEN($BL6))),$C$5:$C$999,0))))/$BX6))>IF(BT6>V$2,$BS$2,$BV$2),"FAIL",""),IF(ABS(1-((BT6-(INDEX(L$5:L$999,MATCH(MID(LEFT($BL6,FIND("-LFSM",$BL6)-1),1,LEN($BL6)),$C$5:$C$999,0))))/$BX6))>IF(BT6>V$2,$BS$2,$BV$2),"FAIL","")),IF($BM6="Z",IF($BM5="K",IF(ABS(1-(ABS(BT6-BT5)/$BX6))>$BT$2,"FAIL",""),IF($BM4="K",IF(ABS(1-(ABS(BT6-BT4)/$BX6))>$BT$2,"FAIL",""),IF($BM3="K",IF(ABS(1-(ABS(BT6-BT3)/$BX6))>$BT$2,"FAIL",""),IF($BM2="K",IF(ABS(1-(ABS(BT6-BT2)/$BX6))>$BT$2,"FAIL",""),IF($BM7="K",IF(ABS(1-(ABS(BT6-BT7)/$BX6))>$BT$2,"FAIL",""),""))))),"")))))),"") | CN6: =IFERROR(IF($BM6="D",IF(ISNUMBER(VALUE(MID(LEFT($BL6,FIND("-LD",$BL6)-1),1,LEN($BL6)))),IF(AND($BW$2="ON",BU6<W$2,INDEX(M$5:M$999,MATCH(VALUE(MID(LEFT($BL6,FIND("-LD",$BL6)-1),1,LEN($BL6))),$C$5:$C$999,0))<W$2),"",IF(OR(((BU6-INDEX(M$5:M$999,MATCH(VALUE(MID(LEFT($BL6,FIND("-LD",$BL6)-1),1,LEN($BL6))),$C$5:$C$999,0)))/(AVERAGE(BU6,INDEX(M$5:M$999,MATCH(VALUE(MID(LEFT($BL6,FIND("-LD",$BL6)-1),1,LEN($BL6))),$C$5:$C$999,0)))))>IF(BU6>W$2,$BO$2,$BV$2),((BU6-INDEX(M$5:M$999,MATCH(VALUE(MID(LEFT($BL6,FIND("-LD",$BL6)-1),1,LEN($BL6))),$C$5:$C$999,0)))/(AVERAGE(BU6,INDEX(M$5:M$999,MATCH(VALUE(MID(LEFT($BL6,FIND("-LD",$BL6)-1),1,LEN($BL6))),$C$5:$C$999,0)))))<(IF(BU6>W$2,$BO$2,$BV$2)*-1)), "FAIL","")),IF(AND($BW$2="ON",BU6<W$2,INDEX(M$5:M$999,MATCH(MID(LEFT($BL6,FIND("-LD",$BL6)-1),1,LEN($BL6)),$C$5:$C$999,0))<W$2),"",IF(OR(((BU6-INDEX(M$5:M$999,MATCH(MID(LEFT($BL6,FIND("-LD",$BL6)-1),1,LEN($BL6)),$C$5:$C$999,0)))/(AVERAGE(BU6,INDEX(M$5:M$999,MATCH(MID(LEFT($BL6,FIND("-LD",$BL6)-1),1,LEN($BL6)),$C$5:$C$999,0)))))>IF(BU6>W$2,$BO$2,$BV$2),((BU6-INDEX(M$5:M$999,MATCH(MID(LEFT($BL6,FIND("-LD",$BL6)-1),1,LEN($BL6)),$C$5:$C$999,0)))/(AVERAGE(BU6,INDEX(M$5:M$999,MATCH(MID(LEFT($BL6,FIND("-LD",$BL6)-1),1,LEN($BL6)),$C$5:$C$999,0)))))<(IF(BU6>W$2,$BO$2,$BV$2)*-1)),"FAIL",""))),IF($BM6="K",IF(BU6>W$2*$BP$2,"FAIL",""),IF($BM6="M",IF(ABS(1-(BU6/IF($BX6=0,0.001,$BX6)))>IF(BU6>W$2,$BQ$2,$BV$2),IF(AND($BW$2="ON",BU6<W$2,$BX6<W$2),"","FAIL"),""),IF($BM6="Q",IF(ISNUMBER(SEARCH("IBC",$BL6)),IF(ABS(1-(BU6/$BX6))>$BU$2,"FAIL",""),IF(ABS(1-(BU6/$BX6))>$BR$2,"FAIL","")),IF($BM6="S",IF(ISNUMBER(VALUE(MID(LEFT($BL6,FIND("-LFSM",$BL6)-1),1,LEN($BL6)))),IF(ABS(1-((BU6-(INDEX(M$5:M$999,MATCH(VALUE(MID(LEFT($BL6,FIND("-LFSM",$BL6)-1),1,LEN($BL6))),$C$5:$C$999,0))))/$BX6))>IF(BU6>W$2,$BS$2,$BV$2),"FAIL",""),IF(ABS(1-((BU6-(INDEX(M$5:M$999,MATCH(MID(LEFT($BL6,FIND("-LFSM",$BL6)-1),1,LEN($BL6)),$C$5:$C$999,0))))/$BX6))>IF(BU6>W$2,$BS$2,$BV$2),"FAIL","")),IF($BM6="Z",IF($BM5="K",IF(ABS(1-(ABS(BU6-BU5)/$BX6))>$BT$2,"FAIL",""),IF($BM4="K",IF(ABS(1-(ABS(BU6-BU4)/$BX6))>$BT$2,"FAIL",""),IF($BM3="K",IF(ABS(1-(ABS(BU6-BU3)/$BX6))>$BT$2,"FAIL",""),IF($BM2="K",IF(ABS(1-(ABS(BU6-BU2)/$BX6))>$BT$2,"FAIL",""),IF($BM7="K",IF(ABS(1-(ABS(BU6-BU7)/$BX6))>$BT$2,"FAIL",""),""))))),"")))))),"") | CO6: =IFERROR(IF($BM6="D",IF(ISNUMBER(VALUE(MID(LEFT($BL6,FIND("-LD",$BL6)-1),1,LEN($BL6)))),IF(AND($BW$2="ON",BV6<X$2,INDEX(N$5:N$999,MATCH(VALUE(MID(LEFT($BL6,FIND("-LD",$BL6)-1),1,LEN($BL6))),$C$5:$C$999,0))<X$2),"",IF(OR(((BV6-INDEX(N$5:N$999,MATCH(VALUE(MID(LEFT($BL6,FIND("-LD",$BL6)-1),1,LEN($BL6))),$C$5:$C$999,0)))/(AVERAGE(BV6,INDEX(N$5:N$999,MATCH(VALUE(MID(LEFT($BL6,FIND("-LD",$BL6)-1),1,LEN($BL6))),$C$5:$C$999,0)))))>IF(BV6>X$2,$BO$2,$BV$2),((BV6-INDEX(N$5:N$999,MATCH(VALUE(MID(LEFT($BL6,FIND("-LD",$BL6)-1),1,LEN($BL6))),$C$5:$C$999,0)))/(AVERAGE(BV6,INDEX(N$5:N$999,MATCH(VALUE(MID(LEFT($BL6,FIND("-LD",$BL6)-1),1,LEN($BL6))),$C$5:$C$999,0)))))<(IF(BV6>X$2,$BO$2,$BV$2)*-1)), "FAIL","")),IF(AND($BW$2="ON",BV6<X$2,INDEX(N$5:N$999,MATCH(MID(LEFT($BL6,FIND("-LD",$BL6)-1),1,LEN($BL6)),$C$5:$C$999,0))<X$2),"",IF(OR(((BV6-INDEX(N$5:N$999,MATCH(MID(LEFT($BL6,FIND("-LD",$BL6)-1),1,LEN($BL6)),$C$5:$C$999,0)))/(AVERAGE(BV6,INDEX(N$5:N$999,MATCH(MID(LEFT($BL6,FIND("-LD",$BL6)-1),1,LEN($BL6)),$C$5:$C$999,0)))))>IF(BV6>X$2,$BO$2,$BV$2),((BV6-INDEX(N$5:N$999,MATCH(MID(LEFT($BL6,FIND("-LD",$BL6)-1),1,LEN($BL6)),$C$5:$C$999,0)))/(AVERAGE(BV6,INDEX(N$5:N$999,MATCH(MID(LEFT($BL6,FIND("-LD",$BL6)-1),1,LEN($BL6)),$C$5:$C$999,0)))))<(IF(BV6>X$2,$BO$2,$BV$2)*-1)),"FAIL",""))),IF($BM6="K",IF(BV6>X$2*$BP$2,"FAIL",""),IF($BM6="M",IF(ABS(1-(BV6/IF($BX6=0,0.001,$BX6)))>IF(BV6>X$2,$BQ$2,$BV$2),IF(AND($BW$2="ON",BV6<X$2,$BX6<X$2),"","FAIL"),""),IF($BM6="Q",IF(ISNUMBER(SEARCH("IBC",$BL6)),IF(ABS(1-(BV6/$BX6))>$BU$2,"FAIL",""),IF(ABS(1-(BV6/$BX6))>$BR$2,"FAIL","")),IF($BM6="S",IF(ISNUMBER(VALUE(MID(LEFT($BL6,FIND("-LFSM",$BL6)-1),1,LEN($BL6)))),IF(ABS(1-((BV6-(INDEX(N$5:N$999,MATCH(VALUE(MID(LEFT($BL6,FIND("-LFSM",$BL6)-1),1,LEN($BL6))),$C$5:$C$999,0))))/$BX6))>IF(BV6>X$2,$BS$2,$BV$2),"FAIL",""),IF(ABS(1-((BV6-(INDEX(N$5:N$999,MATCH(MID(LEFT($BL6,FIND("-LFSM",$BL6)-1),1,LEN($BL6)),$C$5:$C$999,0))))/$BX6))>IF(BV6>X$2,$BS$2,$BV$2),"FAIL","")),IF($BM6="Z",IF($BM5="K",IF(ABS(1-(ABS(BV6-BV5)/$BX6))>$BT$2,"FAIL",""),IF($BM4="K",IF(ABS(1-(ABS(BV6-BV4)/$BX6))>$BT$2,"FAIL",""),IF($BM3="K",IF(ABS(1-(ABS(BV6-BV3)/$BX6))>$BT$2,"FAIL",""),IF($BM2="K",IF(ABS(1-(ABS(BV6-BV2)/$BX6))>$BT$2,"FAIL",""),IF($BM7="K",IF(ABS(1-(ABS(BV6-BV7)/$BX6))>$BT$2,"FAIL",""),""))))),"")))))),"") | CP6: =IFERROR(IF($BM6="D",IF(ISNUMBER(VALUE(MID(LEFT($BL6,FIND("-LD",$BL6)-1),1,LEN($BL6)))),IF(AND($BW$2="ON",BW6<Y$2,INDEX(O$5:O$999,MATCH(VALUE(MID(LEFT($BL6,FIND("-LD",$BL6)-1),1,LEN($BL6))),$C$5:$C$999,0))<Y$2),"",IF(OR(((BW6-INDEX(O$5:O$999,MATCH(VALUE(MID(LEFT($BL6,FIND("-LD",$BL6)-1),1,LEN($BL6))),$C$5:$C$999,0)))/(AVERAGE(BW6,INDEX(O$5:O$999,MATCH(VALUE(MID(LEFT($BL6,FIND("-LD",$BL6)-1),1,LEN($BL6))),$C$5:$C$999,0)))))>IF(BW6>Y$2,$BO$2,$BV$2),((BW6-INDEX(O$5:O$999,MATCH(VALUE(MID(LEFT($BL6,FIND("-LD",$BL6)-1),1,LEN($BL6))),$C$5:$C$999,0)))/(AVERAGE(BW6,INDEX(O$5:O$999,MATCH(VALUE(MID(LEFT($BL6,FIND("-LD",$BL6)-1),1,LEN($BL6))),$C$5:$C$999,0)))))<(IF(BW6>Y$2,$BO$2,$BV$2)*-1)), "FAIL","")),IF(AND($BW$2="ON",BW6<Y$2,INDEX(O$5:O$999,MATCH(MID(LEFT($BL6,FIND("-LD",$BL6)-1),1,LEN($BL6)),$C$5:$C$999,0))<Y$2),"",IF(OR(((BW6-INDEX(O$5:O$999,MATCH(MID(LEFT($BL6,FIND("-LD",$BL6)-1),1,LEN($BL6)),$C$5:$C$999,0)))/(AVERAGE(BW6,INDEX(O$5:O$999,MATCH(MID(LEFT($BL6,FIND("-LD",$BL6)-1),1,LEN($BL6)),$C$5:$C$999,0)))))>IF(BW6>Y$2,$BO$2,$BV$2),((BW6-INDEX(O$5:O$999,MATCH(MID(LEFT($BL6,FIND("-LD",$BL6)-1),1,LEN($BL6)),$C$5:$C$999,0)))/(AVERAGE(BW6,INDEX(O$5:O$999,MATCH(MID(LEFT($BL6,FIND("-LD",$BL6)-1),1,LEN($BL6)),$C$5:$C$999,0)))))<(IF(BW6>Y$2,$BO$2,$BV$2)*-1)),"FAIL",""))),IF($BM6="K",IF(BW6>Y$2*$BP$2,"FAIL",""),IF($BM6="M",IF(ABS(1-(BW6/IF($BX6=0,0.001,$BX6)))>IF(BW6>Y$2,$BQ$2,$BV$2),IF(AND($BW$2="ON",BW6<Y$2,$BX6<Y$2),"","FAIL"),""),IF($BM6="Q",IF(ISNUMBER(SEARCH("IBC",$BL6)),IF(ABS(1-(BW6/$BX6))>$BU$2,"FAIL",""),IF(ABS(1-(BW6/$BX6))>$BR$2,"FAIL","")),IF($BM6="S",IF(ISNUMBER(VALUE(MID(LEFT($BL6,FIND("-LFSM",$BL6)-1),1,LEN($BL6)))),IF(ABS(1-((BW6-(INDEX(O$5:O$999,MATCH(VALUE(MID(LEFT($BL6,FIND("-LFSM",$BL6)-1),1,LEN($BL6))),$C$5:$C$999,0))))/$BX6))>IF(BW6>Y$2,$BS$2,$BV$2),"FAIL",""),IF(ABS(1-((BW6-(INDEX(O$5:O$999,MATCH(MID(LEFT($BL6,FIND("-LFSM",$BL6)-1),1,LEN($BL6)),$C$5:$C$999,0))))/$BX6))>IF(BW6>Y$2,$BS$2,$BV$2),"FAIL","")),IF($BM6="Z",IF($BM5="K",IF(ABS(1-(ABS(BW6-BW5)/$BX6))>$BT$2,"FAIL",""),IF($BM4="K",IF(ABS(1-(ABS(BW6-BW4)/$BX6))>$BT$2,"FAIL",""),IF($BM3="K",IF(ABS(1-(ABS(BW6-BW3)/$BX6))>$BT$2,"FAIL",""),IF($BM2="K",IF(ABS(1-(ABS(BW6-BW2)/$BX6))>$BT$2,"FAIL",""),IF($BM7="K",IF(ABS(1-(ABS(BW6-BW7)/$BX6))>$BT$2,"FAIL",""),""))))),"")))))),"")
A7: =IF(LEN($C7)=0,"",A6+1) -> 3 | B7: =IFERROR(IF(LEN(C7)=0,"",VLOOKUP($C7,INDIRECT("'"&$G$2&"'!"&"$A$1:$ZZ$999"),MATCH("Sample Acquisition Date",INDIRECT("'"&$G$2&"'!"&"A"&$I$2&":ZZ"&$I$2&""),0),FALSE)),"") -> 44944.477 | C7: =IFERROR(INDIRECT("'"&$G$2&"'!"&"A"&$I$2+MATCH(ROW($C7)-ROW($C$5),$D$5:$D$999,0)),"") -> AB-230117-02 Cal Std 2 1 | D7: =IF(INDIRECT("'"&$G$2&"'!"&ADDRESS($I$2+ROW($C7)-ROW($C$4),MATCH("Sample Acquisition Date",INDIRECT("'"&$G$2&"'!"&"$A"&$I$2&":$ZZ"&$I$2),0),4))=0,"",COUNTIF(INDIRECT("'"&$G$2&"'!"&ADDRESS($I$2+1,MATCH("Sample Acquisition Date",INDIRECT("'"&$G$2&"'!"&"$A"&$I$2&":$ZZ"&$I$2),0),4)&":"&ADDRESS($I$2+$N$2,MATCH("Sample Acquisition Date",INDIRECT("'"&$G$2&"'!"&"$A"&$I$2&":$ZZ"&$I$2),0),4)),"<"&INDIRECT("'"&$G$2&"'!"&ADDRESS($I$2+ROW($C7)-ROW($C$4),MATCH("Sample Acquisition Date",INDIRECT("'"&$G$2&"'!"&"$A"&$I$2&":$ZZ"&$I$2),0),4)))) -> 2 | E7: =IF($F7="QC",IF(ISNUMBER(SEARCH("LRB",$C7)),"K",IF(ISNUMBER(SEARCH("LFB",$C7)),"Z",IF(ISNUMBER(SEARCH("LD",$C7)),"D",IF(ISNUMBER(SEARCH("CCC",$C7)),"Q",IF(ISNUMBER(SEARCH("QCS",$C7)),"Q",IF(ISNUMBER(SEARCH("IBC",$C7)),"Q",IF(ISNUMBER(SEARCH("LFSM",$C7)),IF(ISNUMBER(SEARCH("DI",$C7)),"Z","S"),"M"))))))),IF(LEN($C7)=0,"","U")) -> M | F7: =IF(AND(ISERR(SEARCH("LFSM",C7,1)),ISERR(SEARCH("Cal",C7,1)),ISERR(SEARCH("LFB",C7,1)),ISERR(SEARCH("LRB",C7,1)),ISERR(SEARCH("LD",C7,1)),ISERR(SEARCH("DI",C7,1)),ISERR(SEARCH("CCC",C7,1)),ISERR(SEARCH("QCS",C7,1)),ISERR(SEARCH("IBC",C7,1))),"","QC") -> QC | G7: =IF(LEN($C7)=0,"",IF(VLOOKUP($C7,INDIRECT("'"&$G$2&"'!"&"$A$1:$ZZ$999"),MATCH(Q$1,INDIRECT("'"&$G$2&"'!"&"A"&$I$2&":ZZ"&$I$2&""),0),FALSE)="N/F",0,VLOOKUP($C7,INDIRECT("'"&$G$2&"'!"&"$A$1:$ZZ$999"),MATCH(Q$1,INDIRECT("'"&$G$2&"'!"&"A"&$I$2&":ZZ"&$I$2&""),0),FALSE))) -> 0 | H7: =IF(LEN($C7)=0,"",IF(VLOOKUP($C7,INDIRECT("'"&$G$2&"'!"&"$A$1:$ZZ$999"),MATCH(R$1,INDIRECT("'"&$G$2&"'!"&"A"&$I$2&":ZZ"&$I$2&""),0),FALSE)="N/F",0,VLOOKUP($C7,INDIRECT("'"&$G$2&"'!"&"$A$1:$ZZ$999"),MATCH(R$1,INDIRECT("'"&$G$2&"'!"&"A"&$I$2&":ZZ"&$I$2&""),0),FALSE))) -> #N/A | I7: =IF(LEN($C7)=0,"",IF(VLOOKUP($C7,INDIRECT("'"&$G$2&"'!"&"$A$1:$ZZ$999"),MATCH(S$1,INDIRECT("'"&$G$2&"'!"&"A"&$I$2&":ZZ"&$I$2&""),0),FALSE)="N/F",0,VLOOKUP($C7,INDIRECT("'"&$G$2&"'!"&"$A$1:$ZZ$999"),MATCH(S$1,INDIRECT("'"&$G$2&"'!"&"A"&$I$2&":ZZ"&$I$2&""),0),FALSE))) -> 2.003 | J7: =IF(LEN($C7)=0,"",IF(VLOOKUP($C7,INDIRECT("'"&$G$2&"'!"&"$A$1:$ZZ$999"),MATCH(T$1,INDIRECT("'"&$G$2&"'!"&"A"&$I$2&":ZZ"&$I$2&""),0),FALSE)="N/F",0,VLOOKUP($C7,INDIRECT("'"&$G$2&"'!"&"$A$1:$ZZ$999"),MATCH(T$1,INDIRECT("'"&$G$2&"'!"&"A"&$I$2&":ZZ"&$I$2&""),0),FALSE))) -> 2.095 | K7: =IF(LEN($C7)=0,"",IF(VLOOKUP($C7,INDIRECT("'"&$G$2&"'!"&"$A$1:$ZZ$999"),MATCH(U$1,INDIRECT("'"&$G$2&"'!"&"A"&$I$2&":ZZ"&$I$2&""),0),FALSE)="N/F",0,VLOOKUP($C7,INDIRECT("'"&$G$2&"'!"&"$A$1:$ZZ$999"),MATCH(U$1,INDIRECT("'"&$G$2&"'!"&"A"&$I$2&":ZZ"&$I$2&""),0),FALSE))) -> #N/A | L7: =IF(LEN($C7)=0,"",IF(VLOOKUP($C7,INDIRECT("'"&$G$2&"'!"&"$A$1:$ZZ$999"),MATCH(V$1,INDIRECT("'"&$G$2&"'!"&"A"&$I$2&":ZZ"&$I$2&""),0),FALSE)="N/F",0,VLOOKUP($C7,INDIRECT("'"&$G$2&"'!"&"$A$1:$ZZ$999"),MATCH(V$1,INDIRECT("'"&$G$2&"'!"&"A"&$I$2&":ZZ"&$I$2&""),0),FALSE))) -> 2.071 | M7: =IF(LEN($C7)=0,"",IF(VLOOKUP($C7,INDIRECT("'"&$G$2&"'!"&"$A$1:$ZZ$999"),MATCH(W$1,INDIRECT("'"&$G$2&"'!"&"A"&$I$2&":ZZ"&$I$2&""),0),FALSE)="N/F",0,VLOOKUP($C7,INDIRECT("'"&$G$2&"'!"&"$A$1:$ZZ$999"),MATCH(W$1,INDIRECT("'"&$G$2&"'!"&"A"&$I$2&":ZZ"&$I$2&""),0),FALSE))) -> 2.05 | N7: =IF(LEN($C7)=0,"",IF(VLOOKUP($C7,INDIRECT("'"&$G$2&"'!"&"$A$1:$ZZ$999"),MATCH(X$1,INDIRECT("'"&$G$2&"'!"&"A"&$I$2&":ZZ"&$I$2&""),0),FALSE)="N/F",0,VLOOKUP($C7,INDIRECT("'"&$G$2&"'!"&"$A$1:$ZZ$999"),MATCH(X$1,INDIRECT("'"&$G$2&"'!"&"A"&$I$2&":ZZ"&$I$2&""),0),FALSE))) -> #N/A | O7: =IF(LEN($C7)=0,"",IF(VLOOKUP($C7,INDIRECT("'"&$G$2&"'!"&"$A$1:$ZZ$999"),MATCH(Y$1,INDIRECT("'"&$G$2&"'!"&"A"&$I$2&":ZZ"&$I$2&""),0),FALSE)="N/F",0,VLOOKUP($C7,INDIRECT("'"&$G$2&"'!"&"$A$1:$ZZ$999"),MATCH(Y$1,INDIRECT("'"&$G$2&"'!"&"A"&$I$2&":ZZ"&$I$2&""),0),FALSE))) -> 2.016 | P7: =IF(LEN(C7)=0,"",IFERROR(VALUE(IF(ISNUMBER(FIND("d",C7)),IF(ISNUMBER(VALUE(MID(C7,FIND("d",C7)+1,1))),IF(ISNUMBER(FIND("-",C7,FIND("d",C7)+1)),IF(ISNUMBER(FIND("_",C7,FIND("d",C7)+1)),IF(FIND("-",C7,FIND("d",C7)+1)<FIND("_",C7,FIND("d",C7)+1),MID(LEFT(C7,FIND("-",C7,FIND("d",C7)+1)-1),FIND("d",C7)+1,LEN(C7)),MID(LEFT(C7,FIND("_",C7,FIND("d",C7)+1)-1),FIND("d",C7)+1,LEN(C7))),MID(LEFT(C7,FIND("-",C7,FIND("d",C7)+1)-1),FIND("d",C7)+1,LEN(C7))),IF(ISNUMBER(FIND("_",C7,FIND("d",C7)+1)),MID(LEFT(C7,FIND("_",C7,FIND("d",C7)+1)-1),FIND("d",C7)+1,LEN(C7)),MID(C7,FIND("d",C7)+1,LEN(C7)))),IF(ISNUMBER(FIND("-",C7,FIND("d",C7)+2)),IF(ISNUMBER(FIND("_",C7,FIND("d",C7)+2)),IF(FIND("-",C7,FIND("d",C7)+2)<FIND("_",C7,FIND("d",C7)+2),MID(LEFT(C7,FIND("-",C7,FIND("d",C7)+2)-1),FIND("d",C7)+2,LEN(C7)),MID(LEFT(C7,FIND("_",C7,FIND("d",C7)+2)-1),FIND("d",C7)+2,LEN(C7))),MID(LEFT(C7,FIND("-",C7,FIND("d",C7)+2)-1),FIND("d",C7)+2,LEN(C7))),IF(ISNUMBER(FIND("_",C7,FIND("d",C7)+2)),MID(LEFT(C7,FIND("_",C7,FIND("d",C7)+2)-1),FIND("d",C7)+2,LEN(C7)),MID(C7,FIND("d",C7)+2,LEN(C7))))),1)),1)) -> 1 | Q7: =IF(LEN($C7)=0,"",IF($E7="M",INDEX(G$5:G$999,MATCH($C7,$C$5:$C$999,0))*$P7,IF(INDEX(G$5:G$999,MATCH($C7,$C$5:$C$999,0))>Q$2,INDEX(G$5:G$999,MATCH($C7,$C$5:$C$999,0))*$P7,"<MRL"))) -> 0 | R7: =IF(LEN($C7)=0,"",IF($E7="M",INDEX(H$5:H$999,MATCH($C7,$C$5:$C$999,0))*$P7,IF(INDEX(H$5:H$999,MATCH($C7,$C$5:$C$999,0))>R$2,INDEX(H$5:H$999,MATCH($C7,$C$5:$C$999,0))*$P7,"<MRL"))) -> #N/A | S7: =IF(LEN($C7)=0,"",IF($E7="M",INDEX(I$5:I$999,MATCH($C7,$C$5:$C$999,0))*$P7,IF(INDEX(I$5:I$999,MATCH($C7,$C$5:$C$999,0))>S$2,INDEX(I$5:I$999,MATCH($C7,$C$5:$C$999,0))*$P7,"<MRL"))) -> 2.003 | T7: =IF(LEN($C7)=0,"",IF($E7="M",INDEX(J$5:J$999,MATCH($C7,$C$5:$C$999,0))*$P7,IF(INDEX(J$5:J$999,MATCH($C7,$C$5:$C$999,0))>T$2,INDEX(J$5:J$999,MATCH($C7,$C$5:$C$999,0))*$P7,"<MRL"))) -> 2.095 | U7: =IF(LEN($C7)=0,"",IF($E7="M",INDEX(K$5:K$999,MATCH($C7,$C$5:$C$999,0))*$P7,IF(INDEX(K$5:K$999,MATCH($C7,$C$5:$C$999,0))>U$2,INDEX(K$5:K$999,MATCH($C7,$C$5:$C$999,0))*$P7,"<MRL"))) -> #N/A | V7: =IF(LEN($C7)=0,"",IF($E7="M",INDEX(L$5:L$999,MATCH($C7,$C$5:$C$999,0))*$P7,IF(INDEX(L$5:L$999,MATCH($C7,$C$5:$C$999,0))>V$2,INDEX(L$5:L$999,MATCH($C7,$C$5:$C$999,0))*$P7,"<MRL"))) -> 2.071 | W7: =IF(LEN($C7)=0,"",IF($E7="M",INDEX(M$5:M$999,MATCH($C7,$C$5:$C$999,0))*$P7,IF(INDEX(M$5:M$999,MATCH($C7,$C$5:$C$999,0))>W$2,INDEX(M$5:M$999,MATCH($C7,$C$5:$C$999,0))*$P7,"<MRL"))) -> 2.05 | X7: =IF(LEN($C7)=0,"",IF($E7="M",INDEX(N$5:N$999,MATCH($C7,$C$5:$C$999,0))*$P7,IF(INDEX(N$5:N$999,MATCH($C7,$C$5:$C$999,0))>X$2,INDEX(N$5:N$999,MATCH($C7,$C$5:$C$999,0))*$P7,"<MRL"))) -> #N/A | Y7: =IF(LEN($C7)=0,"",IF($E7="M",INDEX(O$5:O$999,MATCH($C7,$C$5:$C$999,0))*$P7,IF(INDEX(O$5:O$999,MATCH($C7,$C$5:$C$999,0))>Y$2,INDEX(O$5:O$999,MATCH($C7,$C$5:$C$999,0))*$P7,"<MRL"))) -> 2.016 | Z7: =IF(LEN($C7)=0,"",IF(LEN(AA7)=0,"NA",IF(LEN(AB7)=0,"NA",IF(AA7="NA",IF(ISNUMBER(VALUE(IF(ISNUMBER(SEARCH("_",AB7,1)),REPLACE(AB7,SEARCH("_",AB7),1,"."),AB7))),VALUE(IF(ISNUMBER(SEARCH("_",AB7,1)),REPLACE(AB7,SEARCH("_",AB7),1,"."),AB7)),IF(ISNUMBER(SEARCH("_",AB7,1)),REPLACE(AB7,SEARCH("_",AB7),1,"."),AB7)),IF(ISNUMBER(VALUE(IF(ISNUMBER(SEARCH("_",AA7,1)),REPLACE(AA7,SEARCH("_",AA7),1,"."),AA7))),VALUE(IF(ISNUMBER(SEARCH("_",AA7,1)),REPLACE(AA7,SEARCH("_",AA7),1,"."),AA7)),IF(ISNUMBER(SEARCH("_",AA7,1)),REPLACE(AA7,SEARCH("_",AA7),1,"."),AA7)))))) -> Std 2 1 | AA7: =IF(ISNUMBER(SEARCH("Cal",C7)),IF(ISNUMBER(VALUE(MID(C7,SEARCH("Cal",C7)+3,1))),IF(ISNUMBER(FIND("-",C7,SEARCH("Cal",C7)+4)),IF(ISNUMBER(FIND("_",C7,SEARCH("Cal",C7)+4)),IF(FIND("-",C7,SEARCH("Cal",C7)+4)<FIND("_",C7,SEARCH("Cal",C7)+4),MID(LEFT(C7,FIND("-",C7,SEARCH("Cal",C7)+4)-1),SEARCH("Cal",C7)+3,8),IF(AND(MID(C7,SEARCH("Cal",C7)+3,1)="0",ISNUMBER(VALUE(MID(C7,SEARCH("Cal",C7)+5,1)))),IF(ISNUMBER(FIND("-",C7,SEARCH("Cal",C7)+5)),MID(LEFT(C7,FIND("-",C7,SEARCH("Cal",C7)+5)-1),SEARCH("Cal",C7)+3,8),MID(LEFT(C7,FIND("_",C7,SEARCH("Cal",C7)+5)-1),SEARCH("Cal",C7)+3,8)),MID(LEFT(C7,FIND("_",C7,SEARCH("Cal",C7)+4)-1),SEARCH("Cal",C7)+3,8))),MID(LEFT(C7,FIND("-",C7,SEARCH("Cal",C7)+4)-1),SEARCH("Cal",C7)+3,8)),IF(ISNUMBER(FIND("_",C7,SEARCH("Cal",C7)+4)),IF(AND(MID(C7,SEARCH("Cal",C7)+3,1)="0",ISNUMBER(VALUE(MID(C7,SEARCH("Cal",C7)+5,1)))),IF(ISNUMBER(FIND("_",C7,SEARCH("Cal",C7)+5)),MID(LEFT(C7,FIND("_",C7,SEARCH("Cal",C7)+5)-1),SEARCH("Cal",C7)+3,8),MID(C7,SEARCH("Cal",C7)+3,8)),MID(LEFT(C7,FIND("_",C7,SEARCH("Cal",C7)+4)-1),SEARCH("Cal",C7)+3,8)),MID(C7,SEARCH("Cal",C7)+3,8))),IF(ISNUMBER(FIND("-",C7,SEARCH("Cal",C7)+5)),IF(ISNUMBER(FIND("_",C7,SEARCH("Cal",C7)+5)),IF(FIND("-",C7,SEARCH("Cal",C7)+5)<FIND("_",C7,SEARCH("Cal",C7)+5),MID(LEFT(C7,FIND("-",C7,SEARCH("Cal",C7)+5)-1),SEARCH("Cal",C7)+4,8),IF(AND(MID(C7,SEARCH("Cal",C7)+4,1)="0",ISNUMBER(VALUE(MID(C7,SEARCH("Cal",C7)+6,1)))),IF(ISNUMBER(FIND("-",C7,SEARCH("Cal",C7)+6)),MID(LEFT(C7,FIND("-",C7,SEARCH("Cal",C7)+6)-1),SEARCH("Cal",C7)+4,8),MID(LEFT(C7,FIND("_",C7,SEARCH("Cal",C7)+6)-1),SEARCH("Cal",C7)+4,8)),MID(LEFT(C7,FIND("_",C7,SEARCH("Cal",C7)+5)-1),SEARCH("Cal",C7)+4,8))),MID(LEFT(C7,FIND("-",C7,SEARCH("Cal",C7)+5)-1),SEARCH("Cal",C7)+4,8)),IF(ISNUMBER(FIND("_",C7,SEARCH("Cal",C7)+5)),IF(AND(MID(C7,SEARCH("Cal",C7)+4,1)="0",ISNUMBER(VALUE(MID(C7,SEARCH("Cal",C7)+6,1)))),IF(ISNUMBER(FIND("_",C7,SEARCH("Cal",C7)+6)),MID(LEFT(C7,FIND("_",C7,SEARCH("Cal",C7)+6)-1),SEARCH("Cal",C7)+4,8),MID(C7,SEARCH("Cal",C7)+4,8)),MID(LEFT(C7,FIND("_",C7,SEARCH("Cal",C7)+5)-1),SEARCH("Cal",C7)+4,8)),MID(C7,SEARCH("Cal",C7)+4,8)))),IF(ISNUMBER(SEARCH("ppt",C7)),IF(ISNUMBER(VALUE(MID(C7,SEARCH("ppt",C7)-1,1))),IF(ISNUMBER(FIND("-",LEFT(C7,SEARCH("ppt",C7)-1),SEARCH("ppt",C7)-5)),IF(ISNUMBER(FIND("_",LEFT(C7,SEARCH("ppt",C7)-1),SEARCH("ppt",C7)-5)),IF(FIND("-",LEFT(C7,SEARCH("ppt",C7)-1),SEARCH("ppt",C7)-5)>FIND("_",LEFT(C7,SEARCH("ppt",C7)-1),SEARCH("ppt",C7)-5),MID(LEFT(C7,SEARCH("ppt",C7)-1),FIND("-",LEFT(C7,SEARCH("ppt",C7)-1),SEARCH("ppt",C7)-5)+1,8),MID(LEFT(C7,SEARCH("ppt",C7)-1),FIND("_",LEFT(C7,SEARCH("ppt",C7)-1),SEARCH("ppt",C7)-5)+1,8)),MID(LEFT(C7,SEARCH("ppt",C7)-1),FIND("-",LEFT(C7,SEARCH("ppt",C7)-1),SEARCH("ppt",C7)-5)+1,8)),IF(ISNUMBER(FIND("_",LEFT(C7,SEARCH("ppt",C7)-1),SEARCH("ppt",C7)-5)),MID(LEFT(C7,SEARCH("ppt",C7)-1),FIND("_",LEFT(C7,SEARCH("ppt",C7)-2),SEARCH("ppt",C7)-5)+1,8),MID(LEFT(C7,SEARCH("ppt",C7)-1),1,8))),IF(ISNUMBER(FIND("-",LEFT(C7,SEARCH("ppt",C7)-2),SEARCH("ppt",C7)-6)),IF(ISNUMBER(FIND("_",LEFT(C7,SEARCH("ppt",C7)-2),SEARCH("ppt",C7)-6)),IF(FIND("-",LEFT(C7,SEARCH("ppt",C7)-2),SEARCH("ppt",C7)-6)>FIND("_",LEFT(C7,SEARCH("ppt",C7)-2),SEARCH("ppt",C7)-6),MID(LEFT(C7,SEARCH("ppt",C7)-2),FIND("-",LEFT(C7,SEARCH("ppt",C7)-2),SEARCH("ppt",C7)-6)+1,8),MID(LEFT(C7,SEARCH("ppt",C7)-2),FIND("_",LEFT(C7,SEARCH("ppt",C7)-2),SEARCH("ppt",C7)-6)+1,8)),MID(LEFT(C7,SEARCH("ppt",C7)-2),FIND("-",LEFT(C7,SEARCH("ppt",C7)-2),SEARCH("ppt",C7)-6)+1,8)),IF(ISNUMBER(FIND("_",LEFT(C7,SEARCH("ppt",C7)-2),SEARCH("ppt",C7)-6)),MID(LEFT(C7,SEARCH("ppt",C7)-2),FIND("_",LEFT(C7,SEARCH("ppt",C7)-3),SEARCH("ppt",C7)-6)+1,8),MID(LEFT(C7,SEARCH("ppt",C7)-2),1,8)))),IF(ISNUMBER(SEARCH("LFB",C7)),IF(ISNUMBER(VALUE(MID(C7,SEARCH("LFB",C7)+3,1))),IF(ISNUMBER(FIND("-",C7,SEARCH("LFB",C7)+4)),IF(ISNUMBER(FIND("_",C7,SEARCH("LFB",C7)+4)),IF(FIND("-",C7,SEARCH("LFB",C7)+4)<FIND("_",C7,SEARCH("LFB",C7)+4),MID(LEFT(C7,FIND("-",C7,SEARCH("LFB",C7)+4)-1),SEARCH("LFB",C7)+3,8),IF(AND(MID(C7,SEARCH("LFB",C7)+3,1)="0",ISNUMBER(VALUE(MID(C7,SEARCH("LFB",C7)+5,1)))),IF(ISNUMBER(FIND("-",C7,SEARCH("LFB",C7)+5)),MID(LEFT(C7,FIND("-",C7,SEARCH("LFB",C7)+5)-1),SEARCH("LFB",C7)+3,8),MID(LEFT(C7,FIND("_",C7,SEARCH("LFB",C7)+5)-1),SEARCH("LFB",C7)+3,8)),MID(LEFT(C7,FIND("_",C7,SEARCH("LFB",C7)+4)-1),SEARCH("LFB",C7)+3,8))),MID(LEFT(C7,FIND("-",C7,SEARCH("LFB",C7)+4)-1),SEARCH("LFB",C7)+3,8)),IF(ISNUMBER(FIND("_",C7,SEARCH("LFB",C7)+4)),IF(AND(MID(C7,SEARCH("LFB",C7)+3,1)="0",ISNUMBER(VALUE(MID(C7,SEARCH("LFB",C7)+5,1)))),IF(ISNUMBER(FIND("_",C7,SEARCH("LFB",C7)+5)),MID(LEFT(C7,FIND("_",C7,SEARCH("LFB",C7)+5)-1),SEARCH("LFB",C7)+3,8),MID(C7,SEARCH("LFB",C7)+3,8)),MID(LEFT(C7,FIND("_",C7,SEARCH("LFB",C7)+4)-1),SEARCH("LFB",C7)+3,8)),MID(C7,SEARCH("LFB",C7)+3,8))),IF(ISNUMBER(FIND("-",C7,SEARCH("LFB",C7)+5)),IF(ISNUMBER(FIND("_",C7,SEARCH("LFB",C7)+5)),IF(FIND("-",C7,SEARCH("LFB",C7)+5)<FIND("_",C7,SEARCH("LFB",C7)+5),MID(LEFT(C7,FIND("-",C7,SEARCH("LFB",C7)+5)-1),SEARCH("LFB",C7)+4,8),IF(AND(MID(C7,SEARCH("LFB",C7)+4,1)="0",ISNUMBER(VALUE(MID(C7,SEARCH("LFB",C7)+6,1)))),IF(ISNUMBER(FIND("-",C7,SEARCH("LFB",C7)+6)),MID(LEFT(C7,FIND("-",C7,SEARCH("LFB",C7)+6)-1),SEARCH("LFB",C7)+4,8),MID(LEFT(C7,FIND("_",C7,SEARCH("LFB",C7)+6)-1),SEARCH("LFB",C7)+4,8)),MID(LEFT(C7,FIND("_",C7,SEARCH("LFB",C7)+5)-1),SEARCH("LFB",C7)+4,8))),MID(LEFT(C7,FIND("-",C7,SEARCH("LFB",C7)+5)-1),SEARCH("LFB",C7)+4,8)),IF(ISNUMBER(FIND("_",C7,SEARCH("LFB",C7)+5)),IF(AND(MID(C7,SEARCH("LFB",C7)+4,1)="0",ISNUMBER(VALUE(MID(C7,SEARCH("LFB",C7)+6,1)))),IF(ISNUMBER(FIND("_",C7,SEARCH("LFB",C7)+6)),MID(LEFT(C7,FIND("_",C7,SEARCH("LFB",C7)+6)-1),SEARCH("LFB",C7)+4,8),MID(C7,SEARCH("LFB",C7)+4,8)),MID(LEFT(C7,FIND("_",C7,SEARCH("LFB",C7)+5)-1),SEARCH("LFB",C7)+4,8)),MID(C7,SEARCH("LFB",C7)+4,8)))),IF(ISNUMBER(SEARCH("CCC",C7)),IF(ISNUMBER(VALUE(MID(C7,SEARCH("CCC",C7)-1,1))),IF(ISNUMBER(FIND("-",LEFT(C7,SEARCH("CCC",C7)-1),SEARCH("CCC",C7)-5)),IF(ISNUMBER(FIND("_",LEFT(C7,SEARCH("CCC",C7)-1),SEARCH("CCC",C7)-5)),IF(FIND("-",LEFT(C7,SEARCH("CCC",C7)-1),SEARCH("CCC",C7)-5)>FIND("_",LEFT(C7,SEARCH("CCC",C7)-1),SEARCH("CCC",C7)-5),MID(LEFT(C7,SEARCH("CCC",C7)-1),FIND("-",LEFT(C7,SEARCH("CCC",C7)-1),SEARCH("CCC",C7)-5)+1,8),MID(LEFT(C7,SEARCH("CCC",C7)-1),FIND("_",LEFT(C7,SEARCH("CCC",C7)-1),SEARCH("CCC",C7)-5)+1,8)),MID(LEFT(C7,SEARCH("CCC",C7)-1),FIND("-",LEFT(C7,SEARCH("CCC",C7)-1),SEARCH("CCC",C7)-5)+1,8)),IF(ISNUMBER(FIND("_",LEFT(C7,SEARCH("CCC",C7)-1),SEARCH("CCC",C7)-5)),MID(LEFT(C7,SEARCH("CCC",C7)-1),FIND("_",LEFT(C7,SEARCH("CCC",C7)-1),SEARCH("CCC",C7)-5)+1,8),MID(LEFT(C7,SEARCH("CCC",C7)-1),1,8))),IF(ISNUMBER(FIND("-",LEFT(C7,SEARCH("CCC",C7)-2),SEARCH("CCC",C7)-6)),IF(ISNUMBER(FIND("_",LEFT(C7,SEARCH("CCC",C7)-2),SEARCH("CCC",C7)-6)),IF(FIND("-",LEFT(C7,SEARCH("CCC",C7)-2),SEARCH("CCC",C7)-6)>FIND("_",LEFT(C7,SEARCH("CCC",C7)-2),SEARCH("CCC",C7)-6),MID(LEFT(C7,SEARCH("CCC",C7)-2),FIND("-",LEFT(C7,SEARCH("CCC",C7)-2),SEARCH("CCC",C7)-6)+1,8),MID(LEFT(C7,SEARCH("CCC",C7)-2),FIND("_",LEFT(C7,SEARCH("CCC",C7)-2),SEARCH("CCC",C7)-6)+1,8)),MID(LEFT(C7,SEARCH("CCC",C7)-2),FIND("-",LEFT(C7,SEARCH("CCC",C7)-2),SEARCH("CCC",C7)-6)+1,8)),IF(ISNUMBER(FIND("_",LEFT(C7,SEARCH("CCC",C7)-2),SEARCH("CCC",C7)-6)),MID(LEFT(C7,SEARCH("CCC",C7)-2),FIND("_",LEFT(C7,SEARCH("CCC",C7)-2),SEARCH("CCC",C7)-6)+1,8),MID(LEFT(C7,SEARCH("CCC",C7)-2),1,8)))),"NA")))) -> Std 2 1 | AB7: =IF(ISNUMBER(SEARCH("LFSM",C7)),IF(ISNUMBER(VALUE(MID(C7,SEARCH("LFSM",C7)+4,1))),IF(ISNUMBER(FIND("-",C7,SEARCH("LFSM",C7)+5)),IF(ISNUMBER(FIND("_",C7,SEARCH("LFSM",C7)+5)),IF(FIND("-",C7,SEARCH("LFSM",C7)+5)<FIND("_",C7,SEARCH("LFSM",C7)+5),MID(LEFT(C7,FIND("-",C7,SEARCH("LFSM",C7)+5)-1),SEARCH("LFSM",C7)+4,8),IF(AND(MID(C7,SEARCH("LFSM",C7)+4,1)="0",ISNUMBER(VALUE(MID(C7,SEARCH("LFSM",C7)+6,1)))),IF(ISNUMBER(FIND("-",C7,SEARCH("LFSM",C7)+6)),MID(LEFT(C7,FIND("-",C7,SEARCH("LFSM",C7)+6)-1),SEARCH("LFSM",C7)+4,8),MID(LEFT(C7,FIND("_",C7,SEARCH("LFSM",C7)+6)-1),SEARCH("LFSM",C7)+4,8)),MID(LEFT(C7,FIND("_",C7,SEARCH("LFSM",C7)+5)-1),SEARCH("LFSM",C7)+4,8))),MID(LEFT(C7,FIND("-",C7,SEARCH("LFSM",C7)+5)-1),SEARCH("LFSM",C7)+4,8)),IF(ISNUMBER(FIND("_",C7,SEARCH("LFSM",C7)+5)),IF(AND(MID(C7,SEARCH("LFSM",C7)+4,1)="0",ISNUMBER(VALUE(MID(C7,SEARCH("LFSM",C7)+6,1)))),IF(ISNUMBER(FIND("_",C7,SEARCH("LFSM",C7)+6)),MID(LEFT(C7,FIND("_",C7,SEARCH("LFSM",C7)+6)-1),SEARCH("LFSM",C7)+4,8),MID(C7,SEARCH("LFSM",C7)+4,8)),MID(LEFT(C7,FIND("_",C7,SEARCH("LFSM",C7)+5)-1),SEARCH("LFSM",C7)+4,8)),MID(C7,SEARCH("LFSM",C7)+4,8))),IF(ISNUMBER(FIND("-",C7,SEARCH("LFSM",C7)+6)),IF(ISNUMBER(FIND("_",C7,SEARCH("LFSM",C7)+6)),IF(FIND("-",C7,SEARCH("LFSM",C7)+6)<FIND("_",C7,SEARCH("LFSM",C7)+6),MID(LEFT(C7,FIND("-",C7,SEARCH("LFSM",C7)+6)-1),SEARCH("LFSM",C7)+5,8),IF(AND(MID(C7,SEARCH("LFSM",C7)+5,1)="0",ISNUMBER(VALUE(MID(C7,SEARCH("LFSM",C7)+7,1)))),IF(ISNUMBER(FIND("-",C7,SEARCH("LFSM",C7)+7)),MID(LEFT(C7,FIND("-",C7,SEARCH("LFSM",C7)+7)-1),SEARCH("LFSM",C7)+5,8),MID(LEFT(C7,FIND("_",C7,SEARCH("LFSM",C7)+7)-1),SEARCH("LFSM",C7)+5,8)),MID(LEFT(C7,FIND("_",C7,SEARCH("LFSM",C7)+6)-1),SEARCH("LFSM",C7)+5,8))),MID(LEFT(C7,FIND("-",C7,SEARCH("LFSM",C7)+6)-1),SEARCH("LFSM",C7)+5,8)),IF(ISNUMBER(FIND("_",C7,SEARCH("LFSM",C7)+6)),IF(AND(MID(C7,SEARCH("LFSM",C7)+5,1)="0",ISNUMBER(VALUE(MID(C7,SEARCH("LFSM",C7)+7,1)))),IF(ISNUMBER(FIND("_",C7,SEARCH("LFSM",C7)+7)),MID(LEFT(C7,FIND("_",C7,SEARCH("LFSM",C7)+7)-1),SEARCH("LFSM",C7)+5,8),MID(C7,SEARCH("LFSM",C7)+5,8)),MID(LEFT(C7,FIND("_",C7,SEARCH("LFSM",C7)+6)-1),SEARCH("LFSM",C7)+5,8)),MID(C7,SEARCH("LFSM",C7)+5,8)))),IF(AND(ISNUMBER(SEARCH("QCS",C7)),NOT(ISNUMBER(SEARCH("ppt",C7)))),IF(ISNUMBER(VALUE(MID(C7,SEARCH("QCS",C7)+3,1))),IF(ISNUMBER(FIND("-",C7,SEARCH("QCS",C7)+4)),IF(ISNUMBER(FIND("_",C7,SEARCH("QCS",C7)+4)),IF(FIND("-",C7,SEARCH("QCS",C7)+4)<FIND("_",C7,SEARCH("QCS",C7)+4),MID(LEFT(C7,FIND("-",C7,SEARCH("QCS",C7)+4)-1),SEARCH("QCS",C7)+3,8),IF(AND(MID(C7,SEARCH("QCS",C7)+3,1)="0",ISNUMBER(VALUE(MID(C7,SEARCH("QCS",C7)+5,1)))),IF(ISNUMBER(FIND("-",C7,SEARCH("QCS",C7)+5)),MID(LEFT(C7,FIND("-",C7,SEARCH("QCS",C7)+5)-1),SEARCH("QCS",C7)+3,8),MID(LEFT(C7,FIND("_",C7,SEARCH("QCS",C7)+5)-1),SEARCH("QCS",C7)+3,8)),MID(LEFT(C7,FIND("_",C7,SEARCH("QCS",C7)+4)-1),SEARCH("QCS",C7)+3,8))),MID(LEFT(C7,FIND("-",C7,SEARCH("QCS",C7)+4)-1),SEARCH("QCS",C7)+3,8)),IF(ISNUMBER(FIND("_",C7,SEARCH("QCS",C7)+4)),IF(AND(MID(C7,SEARCH("QCS",C7)+3,1)="0",ISNUMBER(VALUE(MID(C7,SEARCH("QCS",C7)+5,1)))),IF(ISNUMBER(FIND("_",C7,SEARCH("QCS",C7)+5)),MID(LEFT(C7,FIND("_",C7,SEARCH("QCS",C7)+5)-1),SEARCH("QCS",C7)+3,8),MID(C7,SEARCH("QCS",C7)+3,8)),MID(LEFT(C7,FIND("_",C7,SEARCH("QCS",C7)+4)-1),SEARCH("QCS",C7)+3,8)),MID(C7,SEARCH("QCS",C7)+3,8))),IF(ISNUMBER(FIND("-",C7,SEARCH("QCS",C7)+5)),IF(ISNUMBER(FIND("_",C7,SEARCH("QCS",C7)+5)),IF(FIND("-",C7,SEARCH("QCS",C7)+5)<FIND("_",C7,SEARCH("QCS",C7)+5),MID(LEFT(C7,FIND("-",C7,SEARCH("QCS",C7)+5)-1),SEARCH("QCS",C7)+4,8),IF(AND(MID(C7,SEARCH("QCS",C7)+4,1)="0",ISNUMBER(VALUE(MID(C7,SEARCH("QCS",C7)+6,1)))),IF(ISNUMBER(FIND("-",C7,SEARCH("QCS",C7)+6)),MID(LEFT(C7,FIND("-",C7,SEARCH("QCS",C7)+6)-1),SEARCH("QCS",C7)+4,8),MID(LEFT(C7,FIND("_",C7,SEARCH("QCS",C7)+6)-1),SEARCH("QCS",C7)+4,8)),MID(LEFT(C7,FIND("_",C7,SEARCH("QCS",C7)+5)-1),SEARCH("QCS",C7)+4,8))),MID(LEFT(C7,FIND("-",C7,SEARCH("QCS",C7)+5)-1),SEARCH("QCS",C7)+4,8)),IF(ISNUMBER(FIND("_",C7,SEARCH("QCS",C7)+5)),IF(AND(MID(C7,SEARCH("QCS",C7)+4,1)="0",ISNUMBER(VALUE(MID(C7,SEARCH("QCS",C7)+6,1)))),IF(ISNUMBER(FIND("_",C7,SEARCH("QCS",C7)+6)),MID(LEFT(C7,FIND("_",C7,SEARCH("QCS",C7)+6)-1),SEARCH("QCS",C7)+4,8),MID(C7,SEARCH("QCS",C7)+4,8)),MID(LEFT(C7,FIND("_",C7,SEARCH("QCS",C7)+5)-1),SEARCH("QCS",C7)+4,8)),MID(C7,SEARCH("QCS",C7)+4,8)))),IF(AND(ISNUMBER(SEARCH("IBC",C7)),NOT(ISNUMBER(SEARCH("ppt",C7)))),IF(ISNUMBER(VALUE(MID(C7,SEARCH("IBC",C7)+3,1))),IF(ISNUMBER(FIND("-",C7,SEARCH("IBC",C7)+4)),IF(ISNUMBER(FIND("_",C7,SEARCH("IBC",C7)+4)),IF(FIND("-",C7,SEARCH("IBC",C7)+4)<FIND("_",C7,SEARCH("IBC",C7)+4),MID(LEFT(C7,FIND("-",C7,SEARCH("IBC",C7)+4)-1),SEARCH("IBC",C7)+3,8),IF(AND(MID(C7,SEARCH("IBC",C7)+3,1)="0",ISNUMBER(VALUE(MID(C7,SEARCH("IBC",C7)+5,1)))),IF(ISNUMBER(FIND("-",C7,SEARCH("IBC",C7)+5)),MID(LEFT(C7,FIND("-",C7,SEARCH("IBC",C7)+5)-1),SEARCH("IBC",C7)+3,8),MID(LEFT(C7,FIND("_",C7,SEARCH("IBC",C7)+5)-1),SEARCH("IBC",C7)+3,8)),MID(LEFT(C7,FIND("_",C7,SEARCH("IBC",C7)+4)-1),SEARCH("IBC",C7)+3,8))),MID(LEFT(C7,FIND("-",C7,SEARCH("IBC",C7)+4)-1),SEARCH("IBC",C7)+3,8)),IF(ISNUMBER(FIND("_",C7,SEARCH("IBC",C7)+4)),IF(AND(MID(C7,SEARCH("IBC",C7)+3,1)="0",ISNUMBER(VALUE(MID(C7,SEARCH("IBC",C7)+5,1)))),IF(ISNUMBER(FIND("_",C7,SEARCH("IBC",C7)+5)),MID(LEFT(C7,FIND("_",C7,SEARCH("IBC",C7)+5)-1),SEARCH("IBC",C7)+3,8),MID(C7,SEARCH("IBC",C7)+3,8)),MID(LEFT(C7,FIND("_",C7,SEARCH("IBC",C7)+4)-1),SEARCH("IBC",C7)+3,8)),MID(C7,SEARCH("IBC",C7)+3,8))),IF(ISNUMBER(FIND("-",C7,SEARCH("IBC",C7)+5)),IF(ISNUMBER(FIND("_",C7,SEARCH("IBC",C7)+5)),IF(FIND("-",C7,SEARCH("IBC",C7)+5)<FIND("_",C7,SEARCH("IBC",C7)+5),MID(LEFT(C7,FIND("-",C7,SEARCH("IBC",C7)+5)-1),SEARCH("IBC",C7)+4,8),IF(AND(MID(C7,SEARCH("IBC",C7)+4,1)="0",ISNUMBER(VALUE(MID(C7,SEARCH("IBC",C7)+6,1)))),IF(ISNUMBER(FIND("-",C7,SEARCH("IBC",C7)+6)),MID(LEFT(C7,FIND("-",C7,SEARCH("IBC",C7)+6)-1),SEARCH("IBC",C7)+4,8),MID(LEFT(C7,FIND("_",C7,SEARCH("IBC",C7)+6)-1),SEARCH("IBC",C7)+4,8)),MID(LEFT(C7,FIND("_",C7,SEARCH("IBC",C7)+5)-1),SEARCH("IBC",C7)+4,8))),MID(LEFT(C7,FIND("-",C7,SEARCH("IBC",C7)+5)-1),SEARCH("IBC",C7)+4,8)),IF(ISNUMBER(FIND("_",C7,SEARCH("IBC",C7)+5)),IF(AND(MID(C7,SEARCH("IBC",C7)+4,1)="0",ISNUMBER(VALUE(MID(C7,SEARCH("IBC",C7)+6,1)))),IF(ISNUMBER(FIND("_",C7,SEARCH("IBC",C7)+6)),MID(LEFT(C7,FIND("_",C7,SEARCH("IBC",C7)+6)-1),SEARCH("IBC",C7)+4,8),MID(C7,SEARCH("IBC",C7)+4,8)),MID(LEFT(C7,FIND("_",C7,SEARCH("IBC",C7)+5)-1),SEARCH("IBC",C7)+4,8)),MID(C7,SEARCH("IBC",C7)+4,8)))),"NA"))) -> NA | AC7: =IF(LEN(E7)=0,"",IF(E7="M","Calib Std",IF(E7="K","Blank",IF(E7="D","Duplicate",IF(E7="Z","Blank Spike",IF(E7="S","Sample Spike",IF(E7="Q",IF(ISNUMBER(SEARCH("IBC",$C7)),"IBC",IF(ISNUMBER(SEARCH("QCS",$C7)),"QCS",IF(ISNUMBER(SEARCH("CCC",$C7)),"CCC"))),IF(E7="U","Unknown")))))))) -> Calib Std | AD7: =IFERROR(IF(AND(OR($E7="M",$E7="Q",$E7="S",$E7="Z"),NOT(ISNUMBER($Z7))),"No TrueV!",IF(AND(MAX($G7:$O7)>$Z$2,NOT($E7="M")),"UL!",IF($F7="QC",IF(OR(INDEX($CH$5:$CH$999,MATCH($C7,$BL$5:$BL$999,0))="FAIL",INDEX($CI$5:$CI$999,MATCH($C7,$BL$5:$BL$999,0))="FAIL",INDEX($CJ$5:$CJ$999,MATCH($C7,$BL$5:$BL$999,0))="FAIL",INDEX($CK$5:$CK$999,MATCH($C7,$BL$5:$BL$999,0))="FAIL",INDEX($CL$5:$CL$999,MATCH($C7,$BL$5:$BL$999,0))="FAIL",INDEX($CM$5:$CM$999,MATCH($C7,$BL$5:$BL$999,0))="FAIL",INDEX($CN$5:$CN$999,MATCH($C7,$BL$5:$BL$999,0))="FAIL",INDEX($CO$5:$CO$999,MATCH($C7,$BL$5:$BL$999,0))="FAIL",INDEX($CP$5:$CP$999,MATCH($C7,$BL$5:$BL$999,0))="FAIL"),"Check!",IF(INDEX($CQ$5:$CQ$999,MATCH($C7,$BL$5:$BL$999,0))="FAIL","No Match!",IF(ABS(VALUE($B7)-VALUE($K$2))>60,"Invalid Time!",""))),IF(ABS(VALUE($B7)-VALUE($K$2))>60,"Invalid Time!","")))),"") -> No TrueV! | AP7: IS3 | AQ7: R3 | AV7: =IFERROR(IF(LEN($C7)=0,"",IF(VLOOKUP($C7,INDIRECT("'"&$H$2&"'!"&"$A$1:$ZZ$999"),MATCH(AV$1,INDIRECT("'"&$H$2&"'!"&"A"&$J$2&":ZZ"&$J$2&""),0),FALSE)="N/F",0,VLOOKUP($C7,INDIRECT("'"&$H$2&"'!"&"$A$1:$ZZ$999"),MATCH(AV$1,INDIRECT("'"&$H$2&"'!"&"A"&$J$2&":ZZ"&$J$2&""),0),FALSE))),"") -> 334728 | AW7: =IFERROR(IF(LEN($C7)=0,"",IF(VLOOKUP($C7,INDIRECT("'"&$H$2&"'!"&"$A$1:$ZZ$999"),MATCH(AW$1,INDIRECT("'"&$H$2&"'!"&"A"&$J$2&":ZZ"&$J$2&""),0),FALSE)="N/F",0,VLOOKUP($C7,INDIRECT("'"&$H$2&"'!"&"$A$1:$ZZ$999"),MATCH(AW$1,INDIRECT("'"&$H$2&"'!"&"A"&$J$2&":ZZ"&$J$2&""),0),FALSE))),"") -> 914458 | AX7: =IFERROR(IF(LEN($C7)=0,"",IF(VLOOKUP($C7,INDIRECT("'"&$H$2&"'!"&"$A$1:$ZZ$999"),MATCH(AX$1,INDIRECT("'"&$H$2&"'!"&"A"&$J$2&":ZZ"&$J$2&""),0),FALSE)="N/F",0,VLOOKUP($C7,INDIRECT("'"&$H$2&"'!"&"$A$1:$ZZ$999"),MATCH(AX$1,INDIRECT("'"&$H$2&"'!"&"A"&$J$2&":ZZ"&$J$2&""),0),FALSE))),"") -> 1300088 | AY7: =IFERROR(IF(LEN($C7)=0,"",IF(VLOOKUP($C7,INDIRECT("'"&$H$2&"'!"&"$A$1:$ZZ$999"),MATCH(AY$1,INDIRECT("'"&$H$2&"'!"&"A"&$J$2&":ZZ"&$J$2&""),0),FALSE)="N/F",0,VLOOKUP($C7,INDIRECT("'"&$H$2&"'!"&"$A$1:$ZZ$999"),MATCH(AY$1,INDIRECT("'"&$H$2&"'!"&"A"&$J$2&":ZZ"&$J$2&""),0),FALSE))),"") -> 6943986 | AZ7: =IFERROR(IF(LEN($C7)=0,"",IF(VLOOKUP($C7,INDIRECT("'"&$H$2&"'!"&"$A$1:$ZZ$999"),MATCH(AZ$1,INDIRECT("'"&$H$2&"'!"&"A"&$J$2&":ZZ"&$J$2&""),0),FALSE)="N/F",0,VLOOKUP($C7,INDIRECT("'"&$H$2&"'!"&"$A$1:$ZZ$999"),MATCH(AZ$1,INDIRECT("'"&$H$2&"'!"&"A"&$J$2&":ZZ"&$J$2&""),0),FALSE))),"") -> 3812773 | BA7: =IFERROR(IF(LEN($C7)=0,"",IF(VLOOKUP($C7,INDIRECT("'"&$H$2&"'!"&"$A$1:$ZZ$999"),MATCH(BA$1,INDIRECT("'"&$H$2&"'!"&"A"&$J$2&":ZZ"&$J$2&""),0),FALSE)="N/F",0,VLOOKUP($C7,INDIRECT("'"&$H$2&"'!"&"$A$1:$ZZ$999"),MATCH(BA$1,INDIRECT("'"&$H$2&"'!"&"A"&$J$2&":ZZ"&$J$2&""),0),FALSE))),"") -> 31781766 | BB7: =IFERROR(IF(LEN($C7)=0,"",IF(VLOOKUP($C7,INDIRECT("'"&$H$2&"'!"&"$A$1:$ZZ$999"),MATCH(BB$1,INDIRECT("'"&$H$2&"'!"&"A"&$J$2&":ZZ"&$J$2&""),0),FALSE)="N/F",0,VLOOKUP($C7,INDIRECT("'"&$H$2&"'!"&"$A$1:$ZZ$999"),MATCH(BB$1,INDIRECT("'"&$H$2&"'!"&"A"&$J$2&":ZZ"&$J$2&""),0),FALSE))),"") -> 35137464 | BC7: =IFERROR(IF(LEN($C7)=0,"",IF(VLOOKUP($C7,INDIRECT("'"&$H$2&"'!"&"$A$1:$ZZ$999"),MATCH(BC$1,INDIRECT("'"&$H$2&"'!"&"A"&$J$2&":ZZ"&$J$2&""),0),FALSE)="N/F",0,VLOOKUP($C7,INDIRECT("'"&$H$2&"'!"&"$A$1:$ZZ$999"),MATCH(BC$1,INDIRECT("'"&$H$2&"'!"&"A"&$J$2&":ZZ"&$J$2&""),0),FALSE))),"") -> 4444601 | BD7: =IFERROR(IF(LEN($C7)=0,"",IF(VLOOKUP($C7,INDIRECT("'"&$H$2&"'!"&"$A$1:$ZZ$999"),MATCH(BD$1,INDIRECT("'"&$H$2&"'!"&"A"&$J$2&":ZZ"&$J$2&""),0),FALSE)="N/F",0,VLOOKUP($C7,INDIRECT("'"&$H$2&"'!"&"$A$1:$ZZ$999"),MATCH(BD$1,INDIRECT("'"&$H$2&"'!"&"A"&$J$2&":ZZ"&$J$2&""),0),FALSE))),"") -> 39003692 | BF7: =IF(OR($E7="M",$E7="Q"),COUNTIF($B$5:$B$999,"<="&$B7),"") -> 3 | BG7: =IF(OR($E7="K",$E7="Z"),COUNTIF($B$5:$B$999,"<="&$B7),"") | BH7: =IF($E7="D",COUNTIF($B$5:$B$999,"<="&$B7),"") | BI7: =IF($E7="S",COUNTIF($B$5:$B$999,"<="&$B7),"") | BK7: =IF(LEN($BL7)=0,"",INDEX($A$5:$A$999,MATCH($BL7,$C$5:$C$999,0))) -> 3 | BL7: =IFERROR(INDEX($C$5:$C$999,MATCH(SMALL($BF$5:$BF$999,ROWS($BL$5:$BL7)),$BF$5:$BF$999,0)),"") -> AB-230117-02 Cal Std 2 1 | BM7: =IF(LEN($BL7)=0,"",INDEX($E$5:$E$999,MATCH($BL7,$C$5:$C$999,0))) -> M | BN7: =IF(LEN($BL7)=0,"",INDEX(P$5:P$999,MATCH($BL7,$C$5:$C$999,0))) -> 1 | BO7: =IF(LEN($BL7)=0,"",INDEX(G$5:G$999,MATCH($BL7,$C$5:$C$999,0))) -> 0 | BP7: =IF(LEN($BL7)=0,"",INDEX(H$5:H$999,MATCH($BL7,$C$5:$C$999,0))) -> #N/A | BQ7: =IF(LEN($BL7)=0,"",INDEX(I$5:I$999,MATCH($BL7,$C$5:$C$999,0))) -> 2.003 | BR7: =IF(LEN($BL7)=0,"",INDEX(J$5:J$999,MATCH($BL7,$C$5:$C$999,0))) -> 2.095 | BS7: =IF(LEN($BL7)=0,"",INDEX(K$5:K$999,MATCH($BL7,$C$5:$C$999,0))) -> #N/A | BT7: =IF(LEN($BL7)=0,"",INDEX(L$5:L$999,MATCH($BL7,$C$5:$C$999,0))) -> 2.071 | BU7: =IF(LEN($BL7)=0,"",INDEX(M$5:M$999,MATCH($BL7,$C$5:$C$999,0))) -> 2.05 | BV7: =IF(LEN($BL7)=0,"",INDEX(N$5:N$999,MATCH($BL7,$C$5:$C$999,0))) -> #N/A | BW7: =IF(LEN($BL7)=0,"",INDEX(O$5:O$999,MATCH($BL7,$C$5:$C$999,0))) -> 2.016 | BX7: =IF(LEN($BL7)=0,"",INDEX($Z$5:$Z$999,MATCH($BL7,$C$5:$C$999,0))) -> Std 2 1 | BY7: =IFERROR(IF($BM7="D",IF(ISNUMBER(VALUE(MID(LEFT($BL7,FIND("-LD",$BL7)-1),1,LEN($BL7)))),IF(AND($BW$2="ON",BO7<Q$2,INDEX(G$5:G$999,MATCH(VALUE(MID(LEFT($BL7,FIND("-LD",$BL7)-1),1,LEN($BL7))),$C$5:$C$999,0))<Q$2),"<MRL",ABS((BO7-INDEX(G$5:G$999,MATCH(VALUE(MID(LEFT($BL7,FIND("-LD",$BL7)-1),1,LEN($BL7))),$C$5:$C$999,0)))/(AVERAGE(BO7,INDEX(G$5:G$999,MATCH(VALUE(MID(LEFT($BL7,FIND("-LD",$BL7)-1),1,LEN($BL7))),$C$5:$C$999,0)))))),IF(AND($BW$2="ON",BO7<Q$2,INDEX(G$5:G$999,MATCH(MID(LEFT($BL7,FIND("-LD",$BL7)-1),1,LEN($BL7)),$C$5:$C$999,0))<Q$2),"<MRL",ABS((BO7-INDEX(G$5:G$999,MATCH(MID(LEFT($BL7,FIND("-LD",$BL7)-1),1,LEN($BL7)),$C$5:$C$999,0)))/(AVERAGE(BO7,INDEX(G$5:G$999,MATCH(MID(LEFT($BL7,FIND("-LD",$BL7)-1),1,LEN($BL7)),$C$5:$C$999,0))))))),IF($BM7="K","",IF($BM7="M",IF(AND($BW$2="ON",BO7<Q$2,$BX7<Q$2),"<MRL",BO7/IF($BX7=0,1,$BX7)),IF($BM7="Q",BO7/$BX7,IF($BM7="S",IF(ISNUMBER(VALUE(MID(LEFT($BL7,FIND("-LFSM",$BL7)-1),1,LEN($BL7)))),(BO7-(INDEX(G$5:G$999,MATCH(VALUE(MID(LEFT($BL7,FIND("-LFSM",$BL7)-1),1,LEN($BL7))),$C$5:$C$999,0))))/$BX7,(BO7-(INDEX(G$5:G$999,MATCH(MID(LEFT($BL7,FIND("-LFSM",$BL7)-1),1,LEN($BL7)),$C$5:$C$999,0))))/$BX7),IF($BM7="Z",IF($BM6="K",ABS(BO7-BO6)/$BX7,IF($BM5="K",ABS(BO7-BO5)/$BX7,IF($BM4="K",ABS(BO7-BO4)/$BX7,IF($BM3="K",ABS(BO7-BO3)/$BX7,IF($BM8="K",ABS(BO7-BO8)/$BX7,""))))),"")))))),"") | BZ7: =IFERROR(IF($BM7="D",IF(ISNUMBER(VALUE(MID(LEFT($BL7,FIND("-LD",$BL7)-1),1,LEN($BL7)))),IF(AND($BW$2="ON",BP7<R$2,INDEX(H$5:H$999,MATCH(VALUE(MID(LEFT($BL7,FIND("-LD",$BL7)-1),1,LEN($BL7))),$C$5:$C$999,0))<R$2),"<MRL",ABS((BP7-INDEX(H$5:H$999,MATCH(VALUE(MID(LEFT($BL7,FIND("-LD",$BL7)-1),1,LEN($BL7))),$C$5:$C$999,0)))/(AVERAGE(BP7,INDEX(H$5:H$999,MATCH(VALUE(MID(LEFT($BL7,FIND("-LD",$BL7)-1),1,LEN($BL7))),$C$5:$C$999,0)))))),IF(AND($BW$2="ON",BP7<R$2,INDEX(H$5:H$999,MATCH(MID(LEFT($BL7,FIND("-LD",$BL7)-1),1,LEN($BL7)),$C$5:$C$999,0))<R$2),"<MRL",ABS((BP7-INDEX(H$5:H$999,MATCH(MID(LEFT($BL7,FIND("-LD",$BL7)-1),1,LEN($BL7)),$C$5:$C$999,0)))/(AVERAGE(BP7,INDEX(H$5:H$999,MATCH(MID(LEFT($BL7,FIND("-LD",$BL7)-1),1,LEN($BL7)),$C$5:$C$999,0))))))),IF($BM7="K","",IF($BM7="M",IF(AND($BW$2="ON",BP7<R$2,$BX7<R$2),"<MRL",BP7/IF($BX7=0,1,$BX7)),IF($BM7="Q",BP7/$BX7,IF($BM7="S",IF(ISNUMBER(VALUE(MID(LEFT($BL7,FIND("-LFSM",$BL7)-1),1,LEN($BL7)))),(BP7-(INDEX(H$5:H$999,MATCH(VALUE(MID(LEFT($BL7,FIND("-LFSM",$BL7)-1),1,LEN($BL7))),$C$5:$C$999,0))))/$BX7,(BP7-(INDEX(H$5:H$999,MATCH(MID(LEFT($BL7,FIND("-LFSM",$BL7)-1),1,LEN($BL7)),$C$5:$C$999,0))))/$BX7),IF($BM7="Z",IF($BM6="K",ABS(BP7-BP6)/$BX7,IF($BM5="K",ABS(BP7-BP5)/$BX7,IF($BM4="K",ABS(BP7-BP4)/$BX7,IF($BM3="K",ABS(BP7-BP3)/$BX7,IF($BM8="K",ABS(BP7-BP8)/$BX7,""))))),"")))))),"") | CA7: =IFERROR(IF($BM7="D",IF(ISNUMBER(VALUE(MID(LEFT($BL7,FIND("-LD",$BL7)-1),1,LEN($BL7)))),IF(AND($BW$2="ON",BQ7<S$2,INDEX(I$5:I$999,MATCH(VALUE(MID(LEFT($BL7,FIND("-LD",$BL7)-1),1,LEN($BL7))),$C$5:$C$999,0))<S$2),"<MRL",ABS((BQ7-INDEX(I$5:I$999,MATCH(VALUE(MID(LEFT($BL7,FIND("-LD",$BL7)-1),1,LEN($BL7))),$C$5:$C$999,0)))/(AVERAGE(BQ7,INDEX(I$5:I$999,MATCH(VALUE(MID(LEFT($BL7,FIND("-LD",$BL7)-1),1,LEN($BL7))),$C$5:$C$999,0)))))),IF(AND($BW$2="ON",BQ7<S$2,INDEX(I$5:I$999,MATCH(MID(LEFT($BL7,FIND("-LD",$BL7)-1),1,LEN($BL7)),$C$5:$C$999,0))<S$2),"<MRL",ABS((BQ7-INDEX(I$5:I$999,MATCH(MID(LEFT($BL7,FIND("-LD",$BL7)-1),1,LEN($BL7)),$C$5:$C$999,0)))/(AVERAGE(BQ7,INDEX(I$5:I$999,MATCH(MID(LEFT($BL7,FIND("-LD",$BL7)-1),1,LEN($BL7)),$C$5:$C$999,0))))))),IF($BM7="K","",IF($BM7="M",IF(AND($BW$2="ON",BQ7<S$2,$BX7<S$2),"<MRL",BQ7/IF($BX7=0,1,$BX7)),IF($BM7="Q",BQ7/$BX7,IF($BM7="S",IF(ISNUMBER(VALUE(MID(LEFT($BL7,FIND("-LFSM",$BL7)-1),1,LEN($BL7)))),(BQ7-(INDEX(I$5:I$999,MATCH(VALUE(MID(LEFT($BL7,FIND("-LFSM",$BL7)-1),1,LEN($BL7))),$C$5:$C$999,0))))/$BX7,(BQ7-(INDEX(I$5:I$999,MATCH(MID(LEFT($BL7,FIND("-LFSM",$BL7)-1),1,LEN($BL7)),$C$5:$C$999,0))))/$BX7),IF($BM7="Z",IF($BM6="K",ABS(BQ7-BQ6)/$BX7,IF($BM5="K",ABS(BQ7-BQ5)/$BX7,IF($BM4="K",ABS(BQ7-BQ4)/$BX7,IF($BM3="K",ABS(BQ7-BQ3)/$BX7,IF($BM8="K",ABS(BQ7-BQ8)/$BX7,""))))),"")))))),"") | CB7: =IFERROR(IF($BM7="D",IF(ISNUMBER(VALUE(MID(LEFT($BL7,FIND("-LD",$BL7)-1),1,LEN($BL7)))),IF(AND($BW$2="ON",BR7<T$2,INDEX(J$5:J$999,MATCH(VALUE(MID(LEFT($BL7,FIND("-LD",$BL7)-1),1,LEN($BL7))),$C$5:$C$999,0))<T$2),"<MRL",ABS((BR7-INDEX(J$5:J$999,MATCH(VALUE(MID(LEFT($BL7,FIND("-LD",$BL7)-1),1,LEN($BL7))),$C$5:$C$999,0)))/(AVERAGE(BR7,INDEX(J$5:J$999,MATCH(VALUE(MID(LEFT($BL7,FIND("-LD",$BL7)-1),1,LEN($BL7))),$C$5:$C$999,0)))))),IF(AND($BW$2="ON",BR7<T$2,INDEX(J$5:J$999,MATCH(MID(LEFT($BL7,FIND("-LD",$BL7)-1),1,LEN($BL7)),$C$5:$C$999,0))<T$2),"<MRL",ABS((BR7-INDEX(J$5:J$999,MATCH(MID(LEFT($BL7,FIND("-LD",$BL7)-1),1,LEN($BL7)),$C$5:$C$999,0)))/(AVERAGE(BR7,INDEX(J$5:J$999,MATCH(MID(LEFT($BL7,FIND("-LD",$BL7)-1),1,LEN($BL7)),$C$5:$C$999,0))))))),IF($BM7="K","",IF($BM7="M",IF(AND($BW$2="ON",BR7<T$2,$BX7<T$2),"<MRL",BR7/IF($BX7=0,1,$BX7)),IF($BM7="Q",BR7/$BX7,IF($BM7="S",IF(ISNUMBER(VALUE(MID(LEFT($BL7,FIND("-LFSM",$BL7)-1),1,LEN($BL7)))),(BR7-(INDEX(J$5:J$999,MATCH(VALUE(MID(LEFT($BL7,FIND("-LFSM",$BL7)-1),1,LEN($BL7))),$C$5:$C$999,0))))/$BX7,(BR7-(INDEX(J$5:J$999,MATCH(MID(LEFT($BL7,FIND("-LFSM",$BL7)-1),1,LEN($BL7)),$C$5:$C$999,0))))/$BX7),IF($BM7="Z",IF($BM6="K",ABS(BR7-BR6)/$BX7,IF($BM5="K",ABS(BR7-BR5)/$BX7,IF($BM4="K",ABS(BR7-BR4)/$BX7,IF($BM3="K",ABS(BR7-BR3)/$BX7,IF($BM8="K",ABS(BR7-BR8)/$BX7,""))))),"")))))),"") | CC7: =IFERROR(IF($BM7="D",IF(ISNUMBER(VALUE(MID(LEFT($BL7,FIND("-LD",$BL7)-1),1,LEN($BL7)))),IF(AND($BW$2="ON",BS7<U$2,INDEX(K$5:K$999,MATCH(VALUE(MID(LEFT($BL7,FIND("-LD",$BL7)-1),1,LEN($BL7))),$C$5:$C$999,0))<U$2),"<MRL",ABS((BS7-INDEX(K$5:K$999,MATCH(VALUE(MID(LEFT($BL7,FIND("-LD",$BL7)-1),1,LEN($BL7))),$C$5:$C$999,0)))/(AVERAGE(BS7,INDEX(K$5:K$999,MATCH(VALUE(MID(LEFT($BL7,FIND("-LD",$BL7)-1),1,LEN($BL7))),$C$5:$C$999,0)))))),IF(AND($BW$2="ON",BS7<U$2,INDEX(K$5:K$999,MATCH(MID(LEFT($BL7,FIND("-LD",$BL7)-1),1,LEN($BL7)),$C$5:$C$999,0))<U$2),"<MRL",ABS((BS7-INDEX(K$5:K$999,MATCH(MID(LEFT($BL7,FIND("-LD",$BL7)-1),1,LEN($BL7)),$C$5:$C$999,0)))/(AVERAGE(BS7,INDEX(K$5:K$999,MATCH(MID(LEFT($BL7,FIND("-LD",$BL7)-1),1,LEN($BL7)),$C$5:$C$999,0))))))),IF($BM7="K","",IF($BM7="M",IF(AND($BW$2="ON",BS7<U$2,$BX7<U$2),"<MRL",BS7/IF($BX7=0,1,$BX7)),IF($BM7="Q",BS7/$BX7,IF($BM7="S",IF(ISNUMBER(VALUE(MID(LEFT($BL7,FIND("-LFSM",$BL7)-1),1,LEN($BL7)))),(BS7-(INDEX(K$5:K$999,MATCH(VALUE(MID(LEFT($BL7,FIND("-LFSM",$BL7)-1),1,LEN($BL7))),$C$5:$C$999,0))))/$BX7,(BS7-(INDEX(K$5:K$999,MATCH(MID(LEFT($BL7,FIND("-LFSM",$BL7)-1),1,LEN($BL7)),$C$5:$C$999,0))))/$BX7),IF($BM7="Z",IF($BM6="K",ABS(BS7-BS6)/$BX7,IF($BM5="K",ABS(BS7-BS5)/$BX7,IF($BM4="K",ABS(BS7-BS4)/$BX7,IF($BM3="K",ABS(BS7-BS3)/$BX7,IF($BM8="K",ABS(BS7-BS8)/$BX7,""))))),"")))))),"") | CD7: =IFERROR(IF($BM7="D",IF(ISNUMBER(VALUE(MID(LEFT($BL7,FIND("-LD",$BL7)-1),1,LEN($BL7)))),IF(AND($BW$2="ON",BT7<V$2,INDEX(L$5:L$999,MATCH(VALUE(MID(LEFT($BL7,FIND("-LD",$BL7)-1),1,LEN($BL7))),$C$5:$C$999,0))<V$2),"<MRL",ABS((BT7-INDEX(L$5:L$999,MATCH(VALUE(MID(LEFT($BL7,FIND("-LD",$BL7)-1),1,LEN($BL7))),$C$5:$C$999,0)))/(AVERAGE(BT7,INDEX(L$5:L$999,MATCH(VALUE(MID(LEFT($BL7,FIND("-LD",$BL7)-1),1,LEN($BL7))),$C$5:$C$999,0)))))),IF(AND($BW$2="ON",BT7<V$2,INDEX(L$5:L$999,MATCH(MID(LEFT($BL7,FIND("-LD",$BL7)-1),1,LEN($BL7)),$C$5:$C$999,0))<V$2),"<MRL",ABS((BT7-INDEX(L$5:L$999,MATCH(MID(LEFT($BL7,FIND("-LD",$BL7)-1),1,LEN($BL7)),$C$5:$C$999,0)))/(AVERAGE(BT7,INDEX(L$5:L$999,MATCH(MID(LEFT($BL7,FIND("-LD",$BL7)-1),1,LEN($BL7)),$C$5:$C$999,0))))))),IF($BM7="K","",IF($BM7="M",IF(AND($BW$2="ON",BT7<V$2,$BX7<V$2),"<MRL",BT7/IF($BX7=0,1,$BX7)),IF($BM7="Q",BT7/$BX7,IF($BM7="S",IF(ISNUMBER(VALUE(MID(LEFT($BL7,FIND("-LFSM",$BL7)-1),1,LEN($BL7)))),(BT7-(INDEX(L$5:L$999,MATCH(VALUE(MID(LEFT($BL7,FIND("-LFSM",$BL7)-1),1,LEN($BL7))),$C$5:$C$999,0))))/$BX7,(BT7-(INDEX(L$5:L$999,MATCH(MID(LEFT($BL7,FIND("-LFSM",$BL7)-1),1,LEN($BL7)),$C$5:$C$999,0))))/$BX7),IF($BM7="Z",IF($BM6="K",ABS(BT7-BT6)/$BX7,IF($BM5="K",ABS(BT7-BT5)/$BX7,IF($BM4="K",ABS(BT7-BT4)/$BX7,IF($BM3="K",ABS(BT7-BT3)/$BX7,IF($BM8="K",ABS(BT7-BT8)/$BX7,""))))),"")))))),"") | CE7: =IFERROR(IF($BM7="D",IF(ISNUMBER(VALUE(MID(LEFT($BL7,FIND("-LD",$BL7)-1),1,LEN($BL7)))),IF(AND($BW$2="ON",BU7<W$2,INDEX(M$5:M$999,MATCH(VALUE(MID(LEFT($BL7,FIND("-LD",$BL7)-1),1,LEN($BL7))),$C$5:$C$999,0))<W$2),"<MRL",ABS((BU7-INDEX(M$5:M$999,MATCH(VALUE(MID(LEFT($BL7,FIND("-LD",$BL7)-1),1,LEN($BL7))),$C$5:$C$999,0)))/(AVERAGE(BU7,INDEX(M$5:M$999,MATCH(VALUE(MID(LEFT($BL7,FIND("-LD",$BL7)-1),1,LEN($BL7))),$C$5:$C$999,0)))))),IF(AND($BW$2="ON",BU7<W$2,INDEX(M$5:M$999,MATCH(MID(LEFT($BL7,FIND("-LD",$BL7)-1),1,LEN($BL7)),$C$5:$C$999,0))<W$2),"<MRL",ABS((BU7-INDEX(M$5:M$999,MATCH(MID(LEFT($BL7,FIND("-LD",$BL7)-1),1,LEN($BL7)),$C$5:$C$999,0)))/(AVERAGE(BU7,INDEX(M$5:M$999,MATCH(MID(LEFT($BL7,FIND("-LD",$BL7)-1),1,LEN($BL7)),$C$5:$C$999,0))))))),IF($BM7="K","",IF($BM7="M",IF(AND($BW$2="ON",BU7<W$2,$BX7<W$2),"<MRL",BU7/IF($BX7=0,1,$BX7)),IF($BM7="Q",BU7/$BX7,IF($BM7="S",IF(ISNUMBER(VALUE(MID(LEFT($BL7,FIND("-LFSM",$BL7)-1),1,LEN($BL7)))),(BU7-(INDEX(M$5:M$999,MATCH(VALUE(MID(LEFT($BL7,FIND("-LFSM",$BL7)-1),1,LEN($BL7))),$C$5:$C$999,0))))/$BX7,(BU7-(INDEX(M$5:M$999,MATCH(MID(LEFT($BL7,FIND("-LFSM",$BL7)-1),1,LEN($BL7)),$C$5:$C$999,0))))/$BX7),IF($BM7="Z",IF($BM6="K",ABS(BU7-BU6)/$BX7,IF($BM5="K",ABS(BU7-BU5)/$BX7,IF($BM4="K",ABS(BU7-BU4)/$BX7,IF($BM3="K",ABS(BU7-BU3)/$BX7,IF($BM8="K",ABS(BU7-BU8)/$BX7,""))))),"")))))),"") | CF7: =IFERROR(IF($BM7="D",IF(ISNUMBER(VALUE(MID(LEFT($BL7,FIND("-LD",$BL7)-1),1,LEN($BL7)))),IF(AND($BW$2="ON",BV7<X$2,INDEX(N$5:N$999,MATCH(VALUE(MID(LEFT($BL7,FIND("-LD",$BL7)-1),1,LEN($BL7))),$C$5:$C$999,0))<X$2),"<MRL",ABS((BV7-INDEX(N$5:N$999,MATCH(VALUE(MID(LEFT($BL7,FIND("-LD",$BL7)-1),1,LEN($BL7))),$C$5:$C$999,0)))/(AVERAGE(BV7,INDEX(N$5:N$999,MATCH(VALUE(MID(LEFT($BL7,FIND("-LD",$BL7)-1),1,LEN($BL7))),$C$5:$C$999,0)))))),IF(AND($BW$2="ON",BV7<X$2,INDEX(N$5:N$999,MATCH(MID(LEFT($BL7,FIND("-LD",$BL7)-1),1,LEN($BL7)),$C$5:$C$999,0))<X$2),"<MRL",ABS((BV7-INDEX(N$5:N$999,MATCH(MID(LEFT($BL7,FIND("-LD",$BL7)-1),1,LEN($BL7)),$C$5:$C$999,0)))/(AVERAGE(BV7,INDEX(N$5:N$999,MATCH(MID(LEFT($BL7,FIND("-LD",$BL7)-1),1,LEN($BL7)),$C$5:$C$999,0))))))),IF($BM7="K","",IF($BM7="M",IF(AND($BW$2="ON",BV7<X$2,$BX7<X$2),"<MRL",BV7/IF($BX7=0,1,$BX7)),IF($BM7="Q",BV7/$BX7,IF($BM7="S",IF(ISNUMBER(VALUE(MID(LEFT($BL7,FIND("-LFSM",$BL7)-1),1,LEN($BL7)))),(BV7-(INDEX(N$5:N$999,MATCH(VALUE(MID(LEFT($BL7,FIND("-LFSM",$BL7)-1),1,LEN($BL7))),$C$5:$C$999,0))))/$BX7,(BV7-(INDEX(N$5:N$999,MATCH(MID(LEFT($BL7,FIND("-LFSM",$BL7)-1),1,LEN($BL7)),$C$5:$C$999,0))))/$BX7),IF($BM7="Z",IF($BM6="K",ABS(BV7-BV6)/$BX7,IF($BM5="K",ABS(BV7-BV5)/$BX7,IF($BM4="K",ABS(BV7-BV4)/$BX7,IF($BM3="K",ABS(BV7-BV3)/$BX7,IF($BM8="K",ABS(BV7-BV8)/$BX7,""))))),"")))))),"") | CG7: =IFERROR(IF($BM7="D",IF(ISNUMBER(VALUE(MID(LEFT($BL7,FIND("-LD",$BL7)-1),1,LEN($BL7)))),IF(AND($BW$2="ON",BW7<Y$2,INDEX(O$5:O$999,MATCH(VALUE(MID(LEFT($BL7,FIND("-LD",$BL7)-1),1,LEN($BL7))),$C$5:$C$999,0))<Y$2),"<MRL",ABS((BW7-INDEX(O$5:O$999,MATCH(VALUE(MID(LEFT($BL7,FIND("-LD",$BL7)-1),1,LEN($BL7))),$C$5:$C$999,0)))/(AVERAGE(BW7,INDEX(O$5:O$999,MATCH(VALUE(MID(LEFT($BL7,FIND("-LD",$BL7)-1),1,LEN($BL7))),$C$5:$C$999,0)))))),IF(AND($BW$2="ON",BW7<Y$2,INDEX(O$5:O$999,MATCH(MID(LEFT($BL7,FIND("-LD",$BL7)-1),1,LEN($BL7)),$C$5:$C$999,0))<Y$2),"<MRL",ABS((BW7-INDEX(O$5:O$999,MATCH(MID(LEFT($BL7,FIND("-LD",$BL7)-1),1,LEN($BL7)),$C$5:$C$999,0)))/(AVERAGE(BW7,INDEX(O$5:O$999,MATCH(MID(LEFT($BL7,FIND("-LD",$BL7)-1),1,LEN($BL7)),$C$5:$C$999,0))))))),IF($BM7="K","",IF($BM7="M",IF(AND($BW$2="ON",BW7<Y$2,$BX7<Y$2),"<MRL",BW7/IF($BX7=0,1,$BX7)),IF($BM7="Q",BW7/$BX7,IF($BM7="S",IF(ISNUMBER(VALUE(MID(LEFT($BL7,FIND("-LFSM",$BL7)-1),1,LEN($BL7)))),(BW7-(INDEX(O$5:O$999,MATCH(VALUE(MID(LEFT($BL7,FIND("-LFSM",$BL7)-1),1,LEN($BL7))),$C$5:$C$999,0))))/$BX7,(BW7-(INDEX(O$5:O$999,MATCH(MID(LEFT($BL7,FIND("-LFSM",$BL7)-1),1,LEN($BL7)),$C$5:$C$999,0))))/$BX7),IF($BM7="Z",IF($BM6="K",ABS(BW7-BW6)/$BX7,IF($BM5="K",ABS(BW7-BW5)/$BX7,IF($BM4="K",ABS(BW7-BW4)/$BX7,IF($BM3="K",ABS(BW7-BW3)/$BX7,IF($BM8="K",ABS(BW7-BW8)/$BX7,""))))),"")))))),"") | CH7: =IFERROR(IF($BM7="D",IF(ISNUMBER(VALUE(MID(LEFT($BL7,FIND("-LD",$BL7)-1),1,LEN($BL7)))),IF(AND($BW$2="ON",BO7<Q$2,INDEX(G$5:G$999,MATCH(VALUE(MID(LEFT($BL7,FIND("-LD",$BL7)-1),1,LEN($BL7))),$C$5:$C$999,0))<Q$2),"",IF(OR(((BO7-INDEX(G$5:G$999,MATCH(VALUE(MID(LEFT($BL7,FIND("-LD",$BL7)-1),1,LEN($BL7))),$C$5:$C$999,0)))/(AVERAGE(BO7,INDEX(G$5:G$999,MATCH(VALUE(MID(LEFT($BL7,FIND("-LD",$BL7)-1),1,LEN($BL7))),$C$5:$C$999,0)))))>IF(BO7>Q$2,$BO$2,$BV$2),((BO7-INDEX(G$5:G$999,MATCH(VALUE(MID(LEFT($BL7,FIND("-LD",$BL7)-1),1,LEN($BL7))),$C$5:$C$999,0)))/(AVERAGE(BO7,INDEX(G$5:G$999,MATCH(VALUE(MID(LEFT($BL7,FIND("-LD",$BL7)-1),1,LEN($BL7))),$C$5:$C$999,0)))))<(IF(BO7>Q$2,$BO$2,$BV$2)*-1)), "FAIL","")),IF(AND($BW$2="ON",BO7<Q$2,INDEX(G$5:G$999,MATCH(MID(LEFT($BL7,FIND("-LD",$BL7)-1),1,LEN($BL7)),$C$5:$C$999,0))<Q$2),"",IF(OR(((BO7-INDEX(G$5:G$999,MATCH(MID(LEFT($BL7,FIND("-LD",$BL7)-1),1,LEN($BL7)),$C$5:$C$999,0)))/(AVERAGE(BO7,INDEX(G$5:G$999,MATCH(MID(LEFT($BL7,FIND("-LD",$BL7)-1),1,LEN($BL7)),$C$5:$C$999,0)))))>IF(BO7>Q$2,$BO$2,$BV$2),((BO7-INDEX(G$5:G$999,MATCH(MID(LEFT($BL7,FIND("-LD",$BL7)-1),1,LEN($BL7)),$C$5:$C$999,0)))/(AVERAGE(BO7,INDEX(G$5:G$999,MATCH(MID(LEFT($BL7,FIND("-LD",$BL7)-1),1,LEN($BL7)),$C$5:$C$999,0)))))<(IF(BO7>Q$2,$BO$2,$BV$2)*-1)),"FAIL",""))),IF($BM7="K",IF(BO7>Q$2*$BP$2,"FAIL",""),IF($BM7="M",IF(ABS(1-(BO7/IF($BX7=0,0.001,$BX7)))>IF(BO7>Q$2,$BQ$2,$BV$2),IF(AND($BW$2="ON",BO7<Q$2,$BX7<Q$2),"","FAIL"),""),IF($BM7="Q",IF(ISNUMBER(SEARCH("IBC",$BL7)),IF(ABS(1-(BO7/$BX7))>$BU$2,"FAIL",""),IF(ABS(1-(BO7/$BX7))>$BR$2,"FAIL","")),IF($BM7="S",IF(ISNUMBER(VALUE(MID(LEFT($BL7,FIND("-LFSM",$BL7)-1),1,LEN($BL7)))),IF(ABS(1-((BO7-(INDEX(G$5:G$999,MATCH(VALUE(MID(LEFT($BL7,FIND("-LFSM",$BL7)-1),1,LEN($BL7))),$C$5:$C$999,0))))/$BX7))>IF(BO7>Q$2,$BS$2,$BV$2),"FAIL",""),IF(ABS(1-((BO7-(INDEX(G$5:G$999,MATCH(MID(LEFT($BL7,FIND("-LFSM",$BL7)-1),1,LEN($BL7)),$C$5:$C$999,0))))/$BX7))>IF(BO7>Q$2,$BS$2,$BV$2),"FAIL","")),IF($BM7="Z",IF($BM6="K",IF(ABS(1-(ABS(BO7-BO6)/$BX7))>$BT$2,"FAIL",""),IF($BM5="K",IF(ABS(1-(ABS(BO7-BO5)/$BX7))>$BT$2,"FAIL",""),IF($BM4="K",IF(ABS(1-(ABS(BO7-BO4)/$BX7))>$BT$2,"FAIL",""),IF($BM3="K",IF(ABS(1-(ABS(BO7-BO3)/$BX7))>$BT$2,"FAIL",""),IF($BM8="K",IF(ABS(1-(ABS(BO7-BO8)/$BX7))>$BT$2,"FAIL",""),""))))),"")))))),"") | CI7: =IFERROR(IF($BM7="D",IF(ISNUMBER(VALUE(MID(LEFT($BL7,FIND("-LD",$BL7)-1),1,LEN($BL7)))),IF(AND($BW$2="ON",BP7<R$2,INDEX(H$5:H$999,MATCH(VALUE(MID(LEFT($BL7,FIND("-LD",$BL7)-1),1,LEN($BL7))),$C$5:$C$999,0))<R$2),"",IF(OR(((BP7-INDEX(H$5:H$999,MATCH(VALUE(MID(LEFT($BL7,FIND("-LD",$BL7)-1),1,LEN($BL7))),$C$5:$C$999,0)))/(AVERAGE(BP7,INDEX(H$5:H$999,MATCH(VALUE(MID(LEFT($BL7,FIND("-LD",$BL7)-1),1,LEN($BL7))),$C$5:$C$999,0)))))>IF(BP7>R$2,$BO$2,$BV$2),((BP7-INDEX(H$5:H$999,MATCH(VALUE(MID(LEFT($BL7,FIND("-LD",$BL7)-1),1,LEN($BL7))),$C$5:$C$999,0)))/(AVERAGE(BP7,INDEX(H$5:H$999,MATCH(VALUE(MID(LEFT($BL7,FIND("-LD",$BL7)-1),1,LEN($BL7))),$C$5:$C$999,0)))))<(IF(BP7>R$2,$BO$2,$BV$2)*-1)), "FAIL","")),IF(AND($BW$2="ON",BP7<R$2,INDEX(H$5:H$999,MATCH(MID(LEFT($BL7,FIND("-LD",$BL7)-1),1,LEN($BL7)),$C$5:$C$999,0))<R$2),"",IF(OR(((BP7-INDEX(H$5:H$999,MATCH(MID(LEFT($BL7,FIND("-LD",$BL7)-1),1,LEN($BL7)),$C$5:$C$999,0)))/(AVERAGE(BP7,INDEX(H$5:H$999,MATCH(MID(LEFT($BL7,FIND("-LD",$BL7)-1),1,LEN($BL7)),$C$5:$C$999,0)))))>IF(BP7>R$2,$BO$2,$BV$2),((BP7-INDEX(H$5:H$999,MATCH(MID(LEFT($BL7,FIND("-LD",$BL7)-1),1,LEN($BL7)),$C$5:$C$999,0)))/(AVERAGE(BP7,INDEX(H$5:H$999,MATCH(MID(LEFT($BL7,FIND("-LD",$BL7)-1),1,LEN($BL7)),$C$5:$C$999,0)))))<(IF(BP7>R$2,$BO$2,$BV$2)*-1)),"FAIL",""))),IF($BM7="K",IF(BP7>R$2*$BP$2,"FAIL",""),IF($BM7="M",IF(ABS(1-(BP7/IF($BX7=0,0.001,$BX7)))>IF(BP7>R$2,$BQ$2,$BV$2),IF(AND($BW$2="ON",BP7<R$2,$BX7<R$2),"","FAIL"),""),IF($BM7="Q",IF(ISNUMBER(SEARCH("IBC",$BL7)),IF(ABS(1-(BP7/$BX7))>$BU$2,"FAIL",""),IF(ABS(1-(BP7/$BX7))>$BR$2,"FAIL","")),IF($BM7="S",IF(ISNUMBER(VALUE(MID(LEFT($BL7,FIND("-LFSM",$BL7)-1),1,LEN($BL7)))),IF(ABS(1-((BP7-(INDEX(H$5:H$999,MATCH(VALUE(MID(LEFT($BL7,FIND("-LFSM",$BL7)-1),1,LEN($BL7))),$C$5:$C$999,0))))/$BX7))>IF(BP7>R$2,$BS$2,$BV$2),"FAIL",""),IF(ABS(1-((BP7-(INDEX(H$5:H$999,MATCH(MID(LEFT($BL7,FIND("-LFSM",$BL7)-1),1,LEN($BL7)),$C$5:$C$999,0))))/$BX7))>IF(BP7>R$2,$BS$2,$BV$2),"FAIL","")),IF($BM7="Z",IF($BM6="K",IF(ABS(1-(ABS(BP7-BP6)/$BX7))>$BT$2,"FAIL",""),IF($BM5="K",IF(ABS(1-(ABS(BP7-BP5)/$BX7))>$BT$2,"FAIL",""),IF($BM4="K",IF(ABS(1-(ABS(BP7-BP4)/$BX7))>$BT$2,"FAIL",""),IF($BM3="K",IF(ABS(1-(ABS(BP7-BP3)/$BX7))>$BT$2,"FAIL",""),IF($BM8="K",IF(ABS(1-(ABS(BP7-BP8)/$BX7))>$BT$2,"FAIL",""),""))))),"")))))),"") | CJ7: =IFERROR(IF($BM7="D",IF(ISNUMBER(VALUE(MID(LEFT($BL7,FIND("-LD",$BL7)-1),1,LEN($BL7)))),IF(AND($BW$2="ON",BQ7<S$2,INDEX(I$5:I$999,MATCH(VALUE(MID(LEFT($BL7,FIND("-LD",$BL7)-1),1,LEN($BL7))),$C$5:$C$999,0))<S$2),"",IF(OR(((BQ7-INDEX(I$5:I$999,MATCH(VALUE(MID(LEFT($BL7,FIND("-LD",$BL7)-1),1,LEN($BL7))),$C$5:$C$999,0)))/(AVERAGE(BQ7,INDEX(I$5:I$999,MATCH(VALUE(MID(LEFT($BL7,FIND("-LD",$BL7)-1),1,LEN($BL7))),$C$5:$C$999,0)))))>IF(BQ7>S$2,$BO$2,$BV$2),((BQ7-INDEX(I$5:I$999,MATCH(VALUE(MID(LEFT($BL7,FIND("-LD",$BL7)-1),1,LEN($BL7))),$C$5:$C$999,0)))/(AVERAGE(BQ7,INDEX(I$5:I$999,MATCH(VALUE(MID(LEFT($BL7,FIND("-LD",$BL7)-1),1,LEN($BL7))),$C$5:$C$999,0)))))<(IF(BQ7>S$2,$BO$2,$BV$2)*-1)), "FAIL","")),IF(AND($BW$2="ON",BQ7<S$2,INDEX(I$5:I$999,MATCH(MID(LEFT($BL7,FIND("-LD",$BL7)-1),1,LEN($BL7)),$C$5:$C$999,0))<S$2),"",IF(OR(((BQ7-INDEX(I$5:I$999,MATCH(MID(LEFT($BL7,FIND("-LD",$BL7)-1),1,LEN($BL7)),$C$5:$C$999,0)))/(AVERAGE(BQ7,INDEX(I$5:I$999,MATCH(MID(LEFT($BL7,FIND("-LD",$BL7)-1),1,LEN($BL7)),$C$5:$C$999,0)))))>IF(BQ7>S$2,$BO$2,$BV$2),((BQ7-INDEX(I$5:I$999,MATCH(MID(LEFT($BL7,FIND("-LD",$BL7)-1),1,LEN($BL7)),$C$5:$C$999,0)))/(AVERAGE(BQ7,INDEX(I$5:I$999,MATCH(MID(LEFT($BL7,FIND("-LD",$BL7)-1),1,LEN($BL7)),$C$5:$C$999,0)))))<(IF(BQ7>S$2,$BO$2,$BV$2)*-1)),"FAIL",""))),IF($BM7="K",IF(BQ7>S$2*$BP$2,"FAIL",""),IF($BM7="M",IF(ABS(1-(BQ7/IF($BX7=0,0.001,$BX7)))>IF(BQ7>S$2,$BQ$2,$BV$2),IF(AND($BW$2="ON",BQ7<S$2,$BX7<S$2),"","FAIL"),""),IF($BM7="Q",IF(ISNUMBER(SEARCH("IBC",$BL7)),IF(ABS(1-(BQ7/$BX7))>$BU$2,"FAIL",""),IF(ABS(1-(BQ7/$BX7))>$BR$2,"FAIL","")),IF($BM7="S",IF(ISNUMBER(VALUE(MID(LEFT($BL7,FIND("-LFSM",$BL7)-1),1,LEN($BL7)))),IF(ABS(1-((BQ7-(INDEX(I$5:I$999,MATCH(VALUE(MID(LEFT($BL7,FIND("-LFSM",$BL7)-1),1,LEN($BL7))),$C$5:$C$999,0))))/$BX7))>IF(BQ7>S$2,$BS$2,$BV$2),"FAIL",""),IF(ABS(1-((BQ7-(INDEX(I$5:I$999,MATCH(MID(LEFT($BL7,FIND("-LFSM",$BL7)-1),1,LEN($BL7)),$C$5:$C$999,0))))/$BX7))>IF(BQ7>S$2,$BS$2,$BV$2),"FAIL","")),IF($BM7="Z",IF($BM6="K",IF(ABS(1-(ABS(BQ7-BQ6)/$BX7))>$BT$2,"FAIL",""),IF($BM5="K",IF(ABS(1-(ABS(BQ7-BQ5)/$BX7))>$BT$2,"FAIL",""),IF($BM4="K",IF(ABS(1-(ABS(BQ7-BQ4)/$BX7))>$BT$2,"FAIL",""),IF($BM3="K",IF(ABS(1-(ABS(BQ7-BQ3)/$BX7))>$BT$2,"FAIL",""),IF($BM8="K",IF(ABS(1-(ABS(BQ7-BQ8)/$BX7))>$BT$2,"FAIL",""),""))))),"")))))),"") | CK7: =IFERROR(IF($BM7="D",IF(ISNUMBER(VALUE(MID(LEFT($BL7,FIND("-LD",$BL7)-1),1,LEN($BL7)))),IF(AND($BW$2="ON",BR7<T$2,INDEX(J$5:J$999,MATCH(VALUE(MID(LEFT($BL7,FIND("-LD",$BL7)-1),1,LEN($BL7))),$C$5:$C$999,0))<T$2),"",IF(OR(((BR7-INDEX(J$5:J$999,MATCH(VALUE(MID(LEFT($BL7,FIND("-LD",$BL7)-1),1,LEN($BL7))),$C$5:$C$999,0)))/(AVERAGE(BR7,INDEX(J$5:J$999,MATCH(VALUE(MID(LEFT($BL7,FIND("-LD",$BL7)-1),1,LEN($BL7))),$C$5:$C$999,0)))))>IF(BR7>T$2,$BO$2,$BV$2),((BR7-INDEX(J$5:J$999,MATCH(VALUE(MID(LEFT($BL7,FIND("-LD",$BL7)-1),1,LEN($BL7))),$C$5:$C$999,0)))/(AVERAGE(BR7,INDEX(J$5:J$999,MATCH(VALUE(MID(LEFT($BL7,FIND("-LD",$BL7)-1),1,LEN($BL7))),$C$5:$C$999,0)))))<(IF(BR7>T$2,$BO$2,$BV$2)*-1)), "FAIL","")),IF(AND($BW$2="ON",BR7<T$2,INDEX(J$5:J$999,MATCH(MID(LEFT($BL7,FIND("-LD",$BL7)-1),1,LEN($BL7)),$C$5:$C$999,0))<T$2),"",IF(OR(((BR7-INDEX(J$5:J$999,MATCH(MID(LEFT($BL7,FIND("-LD",$BL7)-1),1,LEN($BL7)),$C$5:$C$999,0)))/(AVERAGE(BR7,INDEX(J$5:J$999,MATCH(MID(LEFT($BL7,FIND("-LD",$BL7)-1),1,LEN($BL7)),$C$5:$C$999,0)))))>IF(BR7>T$2,$BO$2,$BV$2),((BR7-INDEX(J$5:J$999,MATCH(MID(LEFT($BL7,FIND("-LD",$BL7)-1),1,LEN($BL7)),$C$5:$C$999,0)))/(AVERAGE(BR7,INDEX(J$5:J$999,MATCH(MID(LEFT($BL7,FIND("-LD",$BL7)-1),1,LEN($BL7)),$C$5:$C$999,0)))))<(IF(BR7>T$2,$BO$2,$BV$2)*-1)),"FAIL",""))),IF($BM7="K",IF(BR7>T$2*$BP$2,"FAIL",""),IF($BM7="M",IF(ABS(1-(BR7/IF($BX7=0,0.001,$BX7)))>IF(BR7>T$2,$BQ$2,$BV$2),IF(AND($BW$2="ON",BR7<T$2,$BX7<T$2),"","FAIL"),""),IF($BM7="Q",IF(ISNUMBER(SEARCH("IBC",$BL7)),IF(ABS(1-(BR7/$BX7))>$BU$2,"FAIL",""),IF(ABS(1-(BR7/$BX7))>$BR$2,"FAIL","")),IF($BM7="S",IF(ISNUMBER(VALUE(MID(LEFT($BL7,FIND("-LFSM",$BL7)-1),1,LEN($BL7)))),IF(ABS(1-((BR7-(INDEX(J$5:J$999,MATCH(VALUE(MID(LEFT($BL7,FIND("-LFSM",$BL7)-1),1,LEN($BL7))),$C$5:$C$999,0))))/$BX7))>IF(BR7>T$2,$BS$2,$BV$2),"FAIL",""),IF(ABS(1-((BR7-(INDEX(J$5:J$999,MATCH(MID(LEFT($BL7,FIND("-LFSM",$BL7)-1),1,LEN($BL7)),$C$5:$C$999,0))))/$BX7))>IF(BR7>T$2,$BS$2,$BV$2),"FAIL","")),IF($BM7="Z",IF($BM6="K",IF(ABS(1-(ABS(BR7-BR6)/$BX7))>$BT$2,"FAIL",""),IF($BM5="K",IF(ABS(1-(ABS(BR7-BR5)/$BX7))>$BT$2,"FAIL",""),IF($BM4="K",IF(ABS(1-(ABS(BR7-BR4)/$BX7))>$BT$2,"FAIL",""),IF($BM3="K",IF(ABS(1-(ABS(BR7-BR3)/$BX7))>$BT$2,"FAIL",""),IF($BM8="K",IF(ABS(1-(ABS(BR7-BR8)/$BX7))>$BT$2,"FAIL",""),""))))),"")))))),"") | CL7: =IFERROR(IF($BM7="D",IF(ISNUMBER(VALUE(MID(LEFT($BL7,FIND("-LD",$BL7)-1),1,LEN($BL7)))),IF(AND($BW$2="ON",BS7<U$2,INDEX(K$5:K$999,MATCH(VALUE(MID(LEFT($BL7,FIND("-LD",$BL7)-1),1,LEN($BL7))),$C$5:$C$999,0))<U$2),"",IF(OR(((BS7-INDEX(K$5:K$999,MATCH(VALUE(MID(LEFT($BL7,FIND("-LD",$BL7)-1),1,LEN($BL7))),$C$5:$C$999,0)))/(AVERAGE(BS7,INDEX(K$5:K$999,MATCH(VALUE(MID(LEFT($BL7,FIND("-LD",$BL7)-1),1,LEN($BL7))),$C$5:$C$999,0)))))>IF(BS7>U$2,$BO$2,$BV$2),((BS7-INDEX(K$5:K$999,MATCH(VALUE(MID(LEFT($BL7,FIND("-LD",$BL7)-1),1,LEN($BL7))),$C$5:$C$999,0)))/(AVERAGE(BS7,INDEX(K$5:K$999,MATCH(VALUE(MID(LEFT($BL7,FIND("-LD",$BL7)-1),1,LEN($BL7))),$C$5:$C$999,0)))))<(IF(BS7>U$2,$BO$2,$BV$2)*-1)), "FAIL","")),IF(AND($BW$2="ON",BS7<U$2,INDEX(K$5:K$999,MATCH(MID(LEFT($BL7,FIND("-LD",$BL7)-1),1,LEN($BL7)),$C$5:$C$999,0))<U$2),"",IF(OR(((BS7-INDEX(K$5:K$999,MATCH(MID(LEFT($BL7,FIND("-LD",$BL7)-1),1,LEN($BL7)),$C$5:$C$999,0)))/(AVERAGE(BS7,INDEX(K$5:K$999,MATCH(MID(LEFT($BL7,FIND("-LD",$BL7)-1),1,LEN($BL7)),$C$5:$C$999,0)))))>IF(BS7>U$2,$BO$2,$BV$2),((BS7-INDEX(K$5:K$999,MATCH(MID(LEFT($BL7,FIND("-LD",$BL7)-1),1,LEN($BL7)),$C$5:$C$999,0)))/(AVERAGE(BS7,INDEX(K$5:K$999,MATCH(MID(LEFT($BL7,FIND("-LD",$BL7)-1),1,LEN($BL7)),$C$5:$C$999,0)))))<(IF(BS7>U$2,$BO$2,$BV$2)*-1)),"FAIL",""))),IF($BM7="K",IF(BS7>U$2*$BP$2,"FAIL",""),IF($BM7="M",IF(ABS(1-(BS7/IF($BX7=0,0.001,$BX7)))>IF(BS7>U$2,$BQ$2,$BV$2),IF(AND($BW$2="ON",BS7<U$2,$BX7<U$2),"","FAIL"),""),IF($BM7="Q",IF(ISNUMBER(SEARCH("IBC",$BL7)),IF(ABS(1-(BS7/$BX7))>$BU$2,"FAIL",""),IF(ABS(1-(BS7/$BX7))>$BR$2,"FAIL","")),IF($BM7="S",IF(ISNUMBER(VALUE(MID(LEFT($BL7,FIND("-LFSM",$BL7)-1),1,LEN($BL7)))),IF(ABS(1-((BS7-(INDEX(K$5:K$999,MATCH(VALUE(MID(LEFT($BL7,FIND("-LFSM",$BL7)-1),1,LEN($BL7))),$C$5:$C$999,0))))/$BX7))>IF(BS7>U$2,$BS$2,$BV$2),"FAIL",""),IF(ABS(1-((BS7-(INDEX(K$5:K$999,MATCH(MID(LEFT($BL7,FIND("-LFSM",$BL7)-1),1,LEN($BL7)),$C$5:$C$999,0))))/$BX7))>IF(BS7>U$2,$BS$2,$BV$2),"FAIL","")),IF($BM7="Z",IF($BM6="K",IF(ABS(1-(ABS(BS7-BS6)/$BX7))>$BT$2,"FAIL",""),IF($BM5="K",IF(ABS(1-(ABS(BS7-BS5)/$BX7))>$BT$2,"FAIL",""),IF($BM4="K",IF(ABS(1-(ABS(BS7-BS4)/$BX7))>$BT$2,"FAIL",""),IF($BM3="K",IF(ABS(1-(ABS(BS7-BS3)/$BX7))>$BT$2,"FAIL",""),IF($BM8="K",IF(ABS(1-(ABS(BS7-BS8)/$BX7))>$BT$2,"FAIL",""),""))))),"")))))),"") | CM7: =IFERROR(IF($BM7="D",IF(ISNUMBER(VALUE(MID(LEFT($BL7,FIND("-LD",$BL7)-1),1,LEN($BL7)))),IF(AND($BW$2="ON",BT7<V$2,INDEX(L$5:L$999,MATCH(VALUE(MID(LEFT($BL7,FIND("-LD",$BL7)-1),1,LEN($BL7))),$C$5:$C$999,0))<V$2),"",IF(OR(((BT7-INDEX(L$5:L$999,MATCH(VALUE(MID(LEFT($BL7,FIND("-LD",$BL7)-1),1,LEN($BL7))),$C$5:$C$999,0)))/(AVERAGE(BT7,INDEX(L$5:L$999,MATCH(VALUE(MID(LEFT($BL7,FIND("-LD",$BL7)-1),1,LEN($BL7))),$C$5:$C$999,0)))))>IF(BT7>V$2,$BO$2,$BV$2),((BT7-INDEX(L$5:L$999,MATCH(VALUE(MID(LEFT($BL7,FIND("-LD",$BL7)-1),1,LEN($BL7))),$C$5:$C$999,0)))/(AVERAGE(BT7,INDEX(L$5:L$999,MATCH(VALUE(MID(LEFT($BL7,FIND("-LD",$BL7)-1),1,LEN($BL7))),$C$5:$C$999,0)))))<(IF(BT7>V$2,$BO$2,$BV$2)*-1)), "FAIL","")),IF(AND($BW$2="ON",BT7<V$2,INDEX(L$5:L$999,MATCH(MID(LEFT($BL7,FIND("-LD",$BL7)-1),1,LEN($BL7)),$C$5:$C$999,0))<V$2),"",IF(OR(((BT7-INDEX(L$5:L$999,MATCH(MID(LEFT($BL7,FIND("-LD",$BL7)-1),1,LEN($BL7)),$C$5:$C$999,0)))/(AVERAGE(BT7,INDEX(L$5:L$999,MATCH(MID(LEFT($BL7,FIND("-LD",$BL7)-1),1,LEN($BL7)),$C$5:$C$999,0)))))>IF(BT7>V$2,$BO$2,$BV$2),((BT7-INDEX(L$5:L$999,MATCH(MID(LEFT($BL7,FIND("-LD",$BL7)-1),1,LEN($BL7)),$C$5:$C$999,0)))/(AVERAGE(BT7,INDEX(L$5:L$999,MATCH(MID(LEFT($BL7,FIND("-LD",$BL7)-1),1,LEN($BL7)),$C$5:$C$999,0)))))<(IF(BT7>V$2,$BO$2,$BV$2)*-1)),"FAIL",""))),IF($BM7="K",IF(BT7>V$2*$BP$2,"FAIL",""),IF($BM7="M",IF(ABS(1-(BT7/IF($BX7=0,0.001,$BX7)))>IF(BT7>V$2,$BQ$2,$BV$2),IF(AND($BW$2="ON",BT7<V$2,$BX7<V$2),"","FAIL"),""),IF($BM7="Q",IF(ISNUMBER(SEARCH("IBC",$BL7)),IF(ABS(1-(BT7/$BX7))>$BU$2,"FAIL",""),IF(ABS(1-(BT7/$BX7))>$BR$2,"FAIL","")),IF($BM7="S",IF(ISNUMBER(VALUE(MID(LEFT($BL7,FIND("-LFSM",$BL7)-1),1,LEN($BL7)))),IF(ABS(1-((BT7-(INDEX(L$5:L$999,MATCH(VALUE(MID(LEFT($BL7,FIND("-LFSM",$BL7)-1),1,LEN($BL7))),$C$5:$C$999,0))))/$BX7))>IF(BT7>V$2,$BS$2,$BV$2),"FAIL",""),IF(ABS(1-((BT7-(INDEX(L$5:L$999,MATCH(MID(LEFT($BL7,FIND("-LFSM",$BL7)-1),1,LEN($BL7)),$C$5:$C$999,0))))/$BX7))>IF(BT7>V$2,$BS$2,$BV$2),"FAIL","")),IF($BM7="Z",IF($BM6="K",IF(ABS(1-(ABS(BT7-BT6)/$BX7))>$BT$2,"FAIL",""),IF($BM5="K",IF(ABS(1-(ABS(BT7-BT5)/$BX7))>$BT$2,"FAIL",""),IF($BM4="K",IF(ABS(1-(ABS(BT7-BT4)/$BX7))>$BT$2,"FAIL",""),IF($BM3="K",IF(ABS(1-(ABS(BT7-BT3)/$BX7))>$BT$2,"FAIL",""),IF($BM8="K",IF(ABS(1-(ABS(BT7-BT8)/$BX7))>$BT$2,"FAIL",""),""))))),"")))))),"") | CN7: =IFERROR(IF($BM7="D",IF(ISNUMBER(VALUE(MID(LEFT($BL7,FIND("-LD",$BL7)-1),1,LEN($BL7)))),IF(AND($BW$2="ON",BU7<W$2,INDEX(M$5:M$999,MATCH(VALUE(MID(LEFT($BL7,FIND("-LD",$BL7)-1),1,LEN($BL7))),$C$5:$C$999,0))<W$2),"",IF(OR(((BU7-INDEX(M$5:M$999,MATCH(VALUE(MID(LEFT($BL7,FIND("-LD",$BL7)-1),1,LEN($BL7))),$C$5:$C$999,0)))/(AVERAGE(BU7,INDEX(M$5:M$999,MATCH(VALUE(MID(LEFT($BL7,FIND("-LD",$BL7)-1),1,LEN($BL7))),$C$5:$C$999,0)))))>IF(BU7>W$2,$BO$2,$BV$2),((BU7-INDEX(M$5:M$999,MATCH(VALUE(MID(LEFT($BL7,FIND("-LD",$BL7)-1),1,LEN($BL7))),$C$5:$C$999,0)))/(AVERAGE(BU7,INDEX(M$5:M$999,MATCH(VALUE(MID(LEFT($BL7,FIND("-LD",$BL7)-1),1,LEN($BL7))),$C$5:$C$999,0)))))<(IF(BU7>W$2,$BO$2,$BV$2)*-1)), "FAIL","")),IF(AND($BW$2="ON",BU7<W$2,INDEX(M$5:M$999,MATCH(MID(LEFT($BL7,FIND("-LD",$BL7)-1),1,LEN($BL7)),$C$5:$C$999,0))<W$2),"",IF(OR(((BU7-INDEX(M$5:M$999,MATCH(MID(LEFT($BL7,FIND("-LD",$BL7)-1),1,LEN($BL7)),$C$5:$C$999,0)))/(AVERAGE(BU7,INDEX(M$5:M$999,MATCH(MID(LEFT($BL7,FIND("-LD",$BL7)-1),1,LEN($BL7)),$C$5:$C$999,0)))))>IF(BU7>W$2,$BO$2,$BV$2),((BU7-INDEX(M$5:M$999,MATCH(MID(LEFT($BL7,FIND("-LD",$BL7)-1),1,LEN($BL7)),$C$5:$C$999,0)))/(AVERAGE(BU7,INDEX(M$5:M$999,MATCH(MID(LEFT($BL7,FIND("-LD",$BL7)-1),1,LEN($BL7)),$C$5:$C$999,0)))))<(IF(BU7>W$2,$BO$2,$BV$2)*-1)),"FAIL",""))),IF($BM7="K",IF(BU7>W$2*$BP$2,"FAIL",""),IF($BM7="M",IF(ABS(1-(BU7/IF($BX7=0,0.001,$BX7)))>IF(BU7>W$2,$BQ$2,$BV$2),IF(AND($BW$2="ON",BU7<W$2,$BX7<W$2),"","FAIL"),""),IF($BM7="Q",IF(ISNUMBER(SEARCH("IBC",$BL7)),IF(ABS(1-(BU7/$BX7))>$BU$2,"FAIL",""),IF(ABS(1-(BU7/$BX7))>$BR$2,"FAIL","")),IF($BM7="S",IF(ISNUMBER(VALUE(MID(LEFT($BL7,FIND("-LFSM",$BL7)-1),1,LEN($BL7)))),IF(ABS(1-((BU7-(INDEX(M$5:M$999,MATCH(VALUE(MID(LEFT($BL7,FIND("-LFSM",$BL7)-1),1,LEN($BL7))),$C$5:$C$999,0))))/$BX7))>IF(BU7>W$2,$BS$2,$BV$2),"FAIL",""),IF(ABS(1-((BU7-(INDEX(M$5:M$999,MATCH(MID(LEFT($BL7,FIND("-LFSM",$BL7)-1),1,LEN($BL7)),$C$5:$C$999,0))))/$BX7))>IF(BU7>W$2,$BS$2,$BV$2),"FAIL","")),IF($BM7="Z",IF($BM6="K",IF(ABS(1-(ABS(BU7-BU6)/$BX7))>$BT$2,"FAIL",""),IF($BM5="K",IF(ABS(1-(ABS(BU7-BU5)/$BX7))>$BT$2,"FAIL",""),IF($BM4="K",IF(ABS(1-(ABS(BU7-BU4)/$BX7))>$BT$2,"FAIL",""),IF($BM3="K",IF(ABS(1-(ABS(BU7-BU3)/$BX7))>$BT$2,"FAIL",""),IF($BM8="K",IF(ABS(1-(ABS(BU7-BU8)/$BX7))>$BT$2,"FAIL",""),""))))),"")))))),"") | CO7: =IFERROR(IF($BM7="D",IF(ISNUMBER(VALUE(MID(LEFT($BL7,FIND("-LD",$BL7)-1),1,LEN($BL7)))),IF(AND($BW$2="ON",BV7<X$2,INDEX(N$5:N$999,MATCH(VALUE(MID(LEFT($BL7,FIND("-LD",$BL7)-1),1,LEN($BL7))),$C$5:$C$999,0))<X$2),"",IF(OR(((BV7-INDEX(N$5:N$999,MATCH(VALUE(MID(LEFT($BL7,FIND("-LD",$BL7)-1),1,LEN($BL7))),$C$5:$C$999,0)))/(AVERAGE(BV7,INDEX(N$5:N$999,MATCH(VALUE(MID(LEFT($BL7,FIND("-LD",$BL7)-1),1,LEN($BL7))),$C$5:$C$999,0)))))>IF(BV7>X$2,$BO$2,$BV$2),((BV7-INDEX(N$5:N$999,MATCH(VALUE(MID(LEFT($BL7,FIND("-LD",$BL7)-1),1,LEN($BL7))),$C$5:$C$999,0)))/(AVERAGE(BV7,INDEX(N$5:N$999,MATCH(VALUE(MID(LEFT($BL7,FIND("-LD",$BL7)-1),1,LEN($BL7))),$C$5:$C$999,0)))))<(IF(BV7>X$2,$BO$2,$BV$2)*-1)), "FAIL","")),IF(AND($BW$2="ON",BV7<X$2,INDEX(N$5:N$999,MATCH(MID(LEFT($BL7,FIND("-LD",$BL7)-1),1,LEN($BL7)),$C$5:$C$999,0))<X$2),"",IF(OR(((BV7-INDEX(N$5:N$999,MATCH(MID(LEFT($BL7,FIND("-LD",$BL7)-1),1,LEN($BL7)),$C$5:$C$999,0)))/(AVERAGE(BV7,INDEX(N$5:N$999,MATCH(MID(LEFT($BL7,FIND("-LD",$BL7)-1),1,LEN($BL7)),$C$5:$C$999,0)))))>IF(BV7>X$2,$BO$2,$BV$2),((BV7-INDEX(N$5:N$999,MATCH(MID(LEFT($BL7,FIND("-LD",$BL7)-1),1,LEN($BL7)),$C$5:$C$999,0)))/(AVERAGE(BV7,INDEX(N$5:N$999,MATCH(MID(LEFT($BL7,FIND("-LD",$BL7)-1),1,LEN($BL7)),$C$5:$C$999,0)))))<(IF(BV7>X$2,$BO$2,$BV$2)*-1)),"FAIL",""))),IF($BM7="K",IF(BV7>X$2*$BP$2,"FAIL",""),IF($BM7="M",IF(ABS(1-(BV7/IF($BX7=0,0.001,$BX7)))>IF(BV7>X$2,$BQ$2,$BV$2),IF(AND($BW$2="ON",BV7<X$2,$BX7<X$2),"","FAIL"),""),IF($BM7="Q",IF(ISNUMBER(SEARCH("IBC",$BL7)),IF(ABS(1-(BV7/$BX7))>$BU$2,"FAIL",""),IF(ABS(1-(BV7/$BX7))>$BR$2,"FAIL","")),IF($BM7="S",IF(ISNUMBER(VALUE(MID(LEFT($BL7,FIND("-LFSM",$BL7)-1),1,LEN($BL7)))),IF(ABS(1-((BV7-(INDEX(N$5:N$999,MATCH(VALUE(MID(LEFT($BL7,FIND("-LFSM",$BL7)-1),1,LEN($BL7))),$C$5:$C$999,0))))/$BX7))>IF(BV7>X$2,$BS$2,$BV$2),"FAIL",""),IF(ABS(1-((BV7-(INDEX(N$5:N$999,MATCH(MID(LEFT($BL7,FIND("-LFSM",$BL7)-1),1,LEN($BL7)),$C$5:$C$999,0))))/$BX7))>IF(BV7>X$2,$BS$2,$BV$2),"FAIL","")),IF($BM7="Z",IF($BM6="K",IF(ABS(1-(ABS(BV7-BV6)/$BX7))>$BT$2,"FAIL",""),IF($BM5="K",IF(ABS(1-(ABS(BV7-BV5)/$BX7))>$BT$2,"FAIL",""),IF($BM4="K",IF(ABS(1-(ABS(BV7-BV4)/$BX7))>$BT$2,"FAIL",""),IF($BM3="K",IF(ABS(1-(ABS(BV7-BV3)/$BX7))>$BT$2,"FAIL",""),IF($BM8="K",IF(ABS(1-(ABS(BV7-BV8)/$BX7))>$BT$2,"FAIL",""),""))))),"")))))),"") | CP7: =IFERROR(IF($BM7="D",IF(ISNUMBER(VALUE(MID(LEFT($BL7,FIND("-LD",$BL7)-1),1,LEN($BL7)))),IF(AND($BW$2="ON",BW7<Y$2,INDEX(O$5:O$999,MATCH(VALUE(MID(LEFT($BL7,FIND("-LD",$BL7)-1),1,LEN($BL7))),$C$5:$C$999,0))<Y$2),"",IF(OR(((BW7-INDEX(O$5:O$999,MATCH(VALUE(MID(LEFT($BL7,FIND("-LD",$BL7)-1),1,LEN($BL7))),$C$5:$C$999,0)))/(AVERAGE(BW7,INDEX(O$5:O$999,MATCH(VALUE(MID(LEFT($BL7,FIND("-LD",$BL7)-1),1,LEN($BL7))),$C$5:$C$999,0)))))>IF(BW7>Y$2,$BO$2,$BV$2),((BW7-INDEX(O$5:O$999,MATCH(VALUE(MID(LEFT($BL7,FIND("-LD",$BL7)-1),1,LEN($BL7))),$C$5:$C$999,0)))/(AVERAGE(BW7,INDEX(O$5:O$999,MATCH(VALUE(MID(LEFT($BL7,FIND("-LD",$BL7)-1),1,LEN($BL7))),$C$5:$C$999,0)))))<(IF(BW7>Y$2,$BO$2,$BV$2)*-1)), "FAIL","")),IF(AND($BW$2="ON",BW7<Y$2,INDEX(O$5:O$999,MATCH(MID(LEFT($BL7,FIND("-LD",$BL7)-1),1,LEN($BL7)),$C$5:$C$999,0))<Y$2),"",IF(OR(((BW7-INDEX(O$5:O$999,MATCH(MID(LEFT($BL7,FIND("-LD",$BL7)-1),1,LEN($BL7)),$C$5:$C$999,0)))/(AVERAGE(BW7,INDEX(O$5:O$999,MATCH(MID(LEFT($BL7,FIND("-LD",$BL7)-1),1,LEN($BL7)),$C$5:$C$999,0)))))>IF(BW7>Y$2,$BO$2,$BV$2),((BW7-INDEX(O$5:O$999,MATCH(MID(LEFT($BL7,FIND("-LD",$BL7)-1),1,LEN($BL7)),$C$5:$C$999,0)))/(AVERAGE(BW7,INDEX(O$5:O$999,MATCH(MID(LEFT($BL7,FIND("-LD",$BL7)-1),1,LEN($BL7)),$C$5:$C$999,0)))))<(IF(BW7>Y$2,$BO$2,$BV$2)*-1)),"FAIL",""))),IF($BM7="K",IF(BW7>Y$2*$BP$2,"FAIL",""),IF($BM7="M",IF(ABS(1-(BW7/IF($BX7=0,0.001,$BX7)))>IF(BW7>Y$2,$BQ$2,$BV$2),IF(AND($BW$2="ON",BW7<Y$2,$BX7<Y$2),"","FAIL"),""),IF($BM7="Q",IF(ISNUMBER(SEARCH("IBC",$BL7)),IF(ABS(1-(BW7/$BX7))>$BU$2,"FAIL",""),IF(ABS(1-(BW7/$BX7))>$BR$2,"FAIL","")),IF($BM7="S",IF(ISNUMBER(VALUE(MID(LEFT($BL7,FIND("-LFSM",$BL7)-1),1,LEN($BL7)))),IF(ABS(1-((BW7-(INDEX(O$5:O$999,MATCH(VALUE(MID(LEFT($BL7,FIND("-LFSM",$BL7)-1),1,LEN($BL7))),$C$5:$C$999,0))))/$BX7))>IF(BW7>Y$2,$BS$2,$BV$2),"FAIL",""),IF(ABS(1-((BW7-(INDEX(O$5:O$999,MATCH(MID(LEFT($BL7,FIND("-LFSM",$BL7)-1),1,LEN($BL7)),$C$5:$C$999,0))))/$BX7))>IF(BW7>Y$2,$BS$2,$BV$2),"FAIL","")),IF($BM7="Z",IF($BM6="K",IF(ABS(1-(ABS(BW7-BW6)/$BX7))>$BT$2,"FAIL",""),IF($BM5="K",IF(ABS(1-(ABS(BW7-BW5)/$BX7))>$BT$2,"FAIL",""),IF($BM4="K",IF(ABS(1-(ABS(BW7-BW4)/$BX7))>$BT$2,"FAIL",""),IF($BM3="K",IF(ABS(1-(ABS(BW7-BW3)/$BX7))>$BT$2,"FAIL",""),IF($BM8="K",IF(ABS(1-(ABS(BW7-BW8)/$BX7))>$BT$2,"FAIL",""),""))))),"")))))),"")
